dataset,split,classifier,fold,y_actual,y_pred,y_proba
Paderborn,StratifiedKfold,K-Nearest Neighbors,1,"['N' 'N' 'N' 'N' 'N' 'N' 'N' 'N' 'N' 'N' 'N' 'N' 'N' 'N' 'N' 'N' 'N' 'N'
 'N' 'N' 'N' 'N' 'N' 'N' 'N' 'N' 'N' 'N' 'N' 'N' 'N' 'N' 'N' 'N' 'N' 'N'
 'N' 'N' 'N' 'N' 'N' 'N' 'N' 'N' 'N' 'N' 'N' 'N' 'N' 'N' 'N' 'N' 'N' 'N'
 'N' 'N' 'N' 'N' 'N' 'N' 'N' 'N' 'N' 'N' 'N' 'N' 'N' 'N' 'N' 'N' 'N' 'N'
 'N' 'N' 'N' 'N' 'N' 'N' 'N' 'N' 'N' 'N' 'N' 'N' 'N' 'N' 'N' 'N' 'N' 'N'
 'N' 'N' 'N' 'N' 'N' 'N' 'N' 'N' 'N' 'N' 'N' 'N' 'N' 'N' 'N' 'N' 'N' 'N'
 'N' 'N' 'N' 'N' 'N' 'N' 'N' 'N' 'N' 'N' 'N' 'N' 'N' 'N' 'N' 'N' 'N' 'N'
 'N' 'N' 'N' 'N' 'N' 'N' 'N' 'N' 'N' 'N' 'N' 'N' 'N' 'N' 'N' 'N' 'N' 'N'
 'N' 'N' 'N' 'N' 'N' 'N' 'N' 'N' 'N' 'N' 'N' 'N' 'N' 'N' 'N' 'N' 'N' 'N'
 'N' 'N' 'N' 'N' 'N' 'N' 'N' 'N' 'N' 'N' 'N' 'N' 'N' 'N' 'N' 'N' 'N' 'N'
 'N' 'N' 'N' 'N' 'N' 'N' 'N' 'N' 'N' 'N' 'N' 'N' 'N' 'N' 'N' 'N' 'N' 'N'
 'N' 'N' 'N' 'N' 'N' 'N' 'N' 'N' 'N' 'N' 'N' 'N' 'N' 'N' 'N' 'N' 'N' 'N'
 'N' 'N' 'N' 'N' 'N' 'N' 'N' 'N' 'N' 'N' 'N' 'N' 'N' 'N' 'N' 'N' 'N' 'N'
 'N' 'N' 'N' 'N' 'N' 'N' 'N' 'N' 'N' 'N' 'N' 'N' 'N' 'N' 'O' 'O' 'O' 'O'
 'O' 'O' 'O' 'O' 'O' 'O' 'O' 'O' 'O' 'O' 'O' 'O' 'O' 'O' 'O' 'O' 'O' 'O'
 'O' 'O' 'O' 'O' 'O' 'O' 'O' 'O' 'O' 'O' 'O' 'O' 'O' 'O' 'O' 'O' 'O' 'O'
 'O' 'O' 'O' 'O' 'O' 'O' 'O' 'O' 'O' 'O' 'O' 'O' 'O' 'O' 'O' 'O' 'O' 'O'
 'O' 'O' 'O' 'O' 'O' 'O' 'O' 'O' 'O' 'O' 'O' 'O' 'O' 'O' 'O' 'O' 'O' 'O'
 'O' 'O' 'O' 'O' 'O' 'O' 'O' 'O' 'O' 'O' 'O' 'O' 'O' 'O' 'O' 'O' 'O' 'O'
 'O' 'O' 'O' 'O' 'O' 'O' 'O' 'O' 'O' 'O' 'O' 'O' 'O' 'O' 'O' 'O' 'O' 'O'
 'O' 'O' 'O' 'O' 'O' 'O' 'O' 'O' 'O' 'O' 'O' 'O' 'O' 'O' 'O' 'O' 'O' 'O'
 'O' 'O' 'O' 'O' 'O' 'O' 'O' 'O' 'O' 'O' 'O' 'O' 'O' 'O' 'O' 'O' 'O' 'O'
 'O' 'O' 'O' 'O' 'O' 'O' 'O' 'O' 'O' 'O' 'O' 'O' 'O' 'O' 'O' 'O' 'O' 'O'
 'O' 'O' 'O' 'O' 'O' 'O' 'O' 'O' 'O' 'O' 'O' 'O' 'O' 'O' 'O' 'O' 'O' 'O'
 'O' 'O' 'O' 'O' 'O' 'O' 'O' 'O' 'O' 'O' 'O' 'O' 'O' 'O' 'O' 'O' 'O' 'O'
 'O' 'O' 'O' 'O' 'O' 'O' 'O' 'O' 'O' 'O' 'O' 'O' 'O' 'O' 'O' 'O' 'O' 'O'
 'O' 'O' 'O' 'O' 'O' 'O' 'O' 'O' 'O' 'O' 'O' 'O' 'O' 'O' 'O' 'O' 'O' 'O'
 'O' 'O' 'O' 'O' 'O' 'O' 'O' 'O' 'O' 'O' 'O' 'O' 'O' 'I' 'I' 'I' 'I' 'I'
 'I' 'I' 'I' 'I' 'I' 'I' 'I' 'I' 'I' 'I' 'I' 'I' 'I' 'I' 'I' 'I' 'I' 'I'
 'I' 'I' 'I' 'I' 'I' 'I' 'I' 'I' 'I' 'I' 'I' 'I' 'I' 'I' 'I' 'I' 'I' 'I'
 'I' 'I' 'I' 'I' 'I' 'I' 'I' 'I' 'I' 'I' 'I' 'I' 'I' 'I' 'I' 'I' 'I' 'I'
 'I' 'I' 'I' 'I' 'I' 'I' 'I' 'I' 'I' 'I' 'I' 'I' 'I' 'I' 'I' 'I' 'I' 'I'
 'I' 'I' 'I' 'I' 'I' 'I' 'I' 'I' 'I' 'I' 'I' 'I' 'I' 'I' 'I' 'I' 'I' 'I'
 'I' 'I' 'I' 'I' 'I' 'I' 'I' 'I' 'I' 'I' 'I' 'I' 'I' 'I' 'I' 'I' 'I' 'I'
 'I' 'I' 'I' 'I' 'I' 'I' 'I' 'I' 'I' 'I' 'I' 'I' 'I' 'I' 'I' 'I' 'I' 'I'
 'I' 'I' 'I' 'I' 'I' 'I' 'I' 'I' 'I' 'I' 'I' 'I' 'I' 'I' 'I' 'I' 'I' 'I'
 'I' 'I' 'I' 'I' 'I' 'I' 'I' 'I' 'I' 'I' 'I' 'I' 'I' 'I' 'I' 'I' 'I' 'I'
 'I' 'I' 'I' 'I' 'I' 'I' 'I' 'I' 'I' 'I' 'I' 'I' 'I' 'I' 'I' 'I' 'I' 'I'
 'I' 'I' 'I' 'I' 'I' 'I' 'I' 'I' 'I' 'I' 'I' 'I' 'I' 'I' 'I' 'I' 'I' 'I'
 'I' 'I' 'I' 'I' 'I' 'I' 'I' 'I' 'I' 'I' 'I' 'I' 'I' 'I' 'I' 'I' 'I' 'I'
 'I' 'I' 'I' 'I' 'I' 'I' 'I' 'I' 'I' 'I' 'I' 'I' 'I' 'I' 'I' 'I' 'I' 'I'
 'I' 'I' 'I' 'I' 'I' 'I' 'I' 'I' 'I' 'I']","['N' 'N' 'N' 'N' 'N' 'N' 'N' 'N' 'N' 'N' 'N' 'N' 'N' 'N' 'N' 'N' 'N' 'N'
 'N' 'N' 'N' 'N' 'N' 'N' 'N' 'N' 'N' 'N' 'N' 'N' 'N' 'N' 'N' 'N' 'N' 'N'
 'N' 'N' 'N' 'N' 'N' 'N' 'N' 'N' 'N' 'N' 'N' 'N' 'N' 'N' 'N' 'N' 'N' 'N'
 'N' 'N' 'N' 'N' 'N' 'N' 'N' 'N' 'N' 'N' 'N' 'N' 'N' 'N' 'N' 'N' 'N' 'N'
 'N' 'N' 'N' 'N' 'N' 'N' 'N' 'N' 'N' 'N' 'N' 'N' 'N' 'N' 'N' 'N' 'N' 'N'
 'N' 'N' 'N' 'N' 'N' 'N' 'N' 'N' 'N' 'N' 'N' 'N' 'N' 'N' 'N' 'N' 'N' 'N'
 'N' 'N' 'N' 'N' 'N' 'N' 'N' 'N' 'N' 'N' 'N' 'N' 'N' 'N' 'N' 'N' 'N' 'N'
 'N' 'N' 'N' 'N' 'N' 'N' 'N' 'N' 'N' 'N' 'N' 'N' 'N' 'N' 'N' 'N' 'N' 'N'
 'N' 'N' 'N' 'N' 'N' 'N' 'N' 'N' 'N' 'N' 'N' 'N' 'N' 'N' 'N' 'N' 'N' 'N'
 'N' 'N' 'N' 'N' 'N' 'N' 'N' 'N' 'N' 'N' 'N' 'N' 'N' 'N' 'N' 'N' 'N' 'N'
 'N' 'N' 'N' 'N' 'N' 'N' 'N' 'N' 'N' 'N' 'N' 'N' 'N' 'N' 'N' 'N' 'N' 'N'
 'N' 'N' 'N' 'N' 'N' 'N' 'N' 'N' 'N' 'N' 'N' 'N' 'N' 'N' 'N' 'N' 'N' 'N'
 'N' 'N' 'N' 'N' 'N' 'N' 'N' 'N' 'N' 'N' 'N' 'N' 'N' 'N' 'N' 'N' 'N' 'N'
 'N' 'N' 'N' 'N' 'N' 'N' 'N' 'N' 'N' 'N' 'N' 'N' 'N' 'N' 'O' 'O' 'O' 'O'
 'O' 'O' 'O' 'O' 'O' 'O' 'O' 'O' 'O' 'O' 'O' 'O' 'O' 'O' 'O' 'O' 'O' 'O'
 'O' 'O' 'O' 'O' 'O' 'O' 'O' 'O' 'O' 'O' 'O' 'O' 'O' 'O' 'O' 'O' 'O' 'O'
 'O' 'O' 'O' 'O' 'O' 'O' 'O' 'O' 'O' 'O' 'O' 'O' 'O' 'O' 'O' 'O' 'O' 'O'
 'O' 'O' 'O' 'O' 'O' 'O' 'O' 'O' 'O' 'O' 'O' 'O' 'O' 'O' 'O' 'O' 'O' 'O'
 'O' 'O' 'O' 'O' 'O' 'O' 'O' 'O' 'O' 'O' 'O' 'O' 'O' 'O' 'O' 'O' 'O' 'N'
 'N' 'N' 'N' 'N' 'N' 'N' 'N' 'N' 'N' 'N' 'N' 'N' 'N' 'N' 'N' 'N' 'N' 'N'
 'N' 'N' 'N' 'N' 'N' 'N' 'N' 'N' 'N' 'N' 'N' 'N' 'N' 'N' 'N' 'N' 'N' 'N'
 'N' 'N' 'N' 'N' 'N' 'N' 'N' 'N' 'N' 'N' 'N' 'N' 'N' 'N' 'N' 'N' 'N' 'N'
 'N' 'N' 'N' 'N' 'N' 'N' 'N' 'N' 'N' 'N' 'N' 'N' 'N' 'N' 'N' 'N' 'N' 'N'
 'N' 'N' 'N' 'N' 'N' 'N' 'N' 'N' 'N' 'N' 'N' 'N' 'N' 'N' 'N' 'N' 'N' 'N'
 'N' 'N' 'O' 'O' 'O' 'O' 'O' 'O' 'O' 'O' 'O' 'O' 'O' 'O' 'O' 'O' 'O' 'O'
 'O' 'O' 'O' 'O' 'O' 'O' 'O' 'O' 'O' 'O' 'O' 'O' 'O' 'O' 'O' 'O' 'O' 'O'
 'O' 'O' 'O' 'O' 'O' 'O' 'O' 'O' 'O' 'O' 'O' 'O' 'O' 'O' 'O' 'O' 'O' 'O'
 'O' 'O' 'O' 'O' 'O' 'O' 'O' 'O' 'O' 'O' 'O' 'O' 'O' 'I' 'I' 'I' 'I' 'I'
 'I' 'I' 'I' 'I' 'I' 'I' 'I' 'I' 'I' 'I' 'I' 'I' 'I' 'I' 'I' 'I' 'I' 'I'
 'I' 'I' 'I' 'I' 'I' 'I' 'I' 'I' 'I' 'I' 'I' 'I' 'I' 'I' 'I' 'I' 'I' 'I'
 'I' 'I' 'I' 'I' 'I' 'I' 'I' 'I' 'I' 'I' 'I' 'I' 'I' 'I' 'I' 'I' 'I' 'I'
 'I' 'I' 'I' 'I' 'I' 'I' 'I' 'I' 'I' 'I' 'I' 'I' 'I' 'I' 'I' 'I' 'I' 'I'
 'I' 'I' 'I' 'I' 'I' 'I' 'I' 'I' 'I' 'I' 'I' 'I' 'I' 'I' 'I' 'I' 'N' 'N'
 'N' 'N' 'N' 'N' 'N' 'N' 'N' 'N' 'N' 'N' 'N' 'N' 'N' 'N' 'N' 'N' 'N' 'N'
 'N' 'N' 'N' 'N' 'N' 'N' 'N' 'N' 'N' 'N' 'N' 'N' 'N' 'N' 'N' 'N' 'N' 'N'
 'N' 'N' 'N' 'N' 'N' 'N' 'N' 'N' 'N' 'N' 'N' 'N' 'N' 'N' 'N' 'N' 'N' 'N'
 'N' 'N' 'N' 'N' 'N' 'N' 'N' 'N' 'N' 'N' 'N' 'N' 'N' 'N' 'N' 'N' 'N' 'N'
 'N' 'N' 'N' 'N' 'N' 'N' 'N' 'N' 'N' 'N' 'N' 'N' 'N' 'N' 'N' 'N' 'N' 'N'
 'N' 'I' 'I' 'I' 'I' 'I' 'I' 'I' 'I' 'I' 'I' 'I' 'I' 'I' 'I' 'I' 'I' 'I'
 'I' 'I' 'I' 'I' 'I' 'I' 'I' 'I' 'I' 'I' 'I' 'I' 'I' 'I' 'I' 'I' 'I' 'I'
 'I' 'I' 'I' 'I' 'I' 'I' 'I' 'I' 'I' 'I' 'I' 'I' 'I' 'I' 'I' 'I' 'I' 'I'
 'I' 'I' 'I' 'I' 'I' 'I' 'I' 'I' 'I' 'I']","[[0. 1. 0.]
 [0. 1. 0.]
 [0. 1. 0.]
 ...
 [1. 0. 0.]
 [1. 0. 0.]
 [1. 0. 0.]]"
Paderborn,StratifiedKfold,K-Nearest Neighbors,2,"['N' 'N' 'N' 'N' 'N' 'N' 'N' 'N' 'N' 'N' 'N' 'N' 'N' 'N' 'N' 'N' 'N' 'N'
 'N' 'N' 'N' 'N' 'N' 'N' 'N' 'N' 'N' 'N' 'N' 'N' 'N' 'N' 'N' 'N' 'N' 'N'
 'N' 'N' 'N' 'N' 'N' 'N' 'N' 'N' 'N' 'N' 'N' 'N' 'N' 'N' 'N' 'N' 'N' 'N'
 'N' 'N' 'N' 'N' 'N' 'N' 'N' 'N' 'N' 'N' 'N' 'N' 'N' 'N' 'N' 'N' 'N' 'N'
 'N' 'N' 'N' 'N' 'N' 'N' 'N' 'N' 'N' 'N' 'N' 'N' 'N' 'N' 'N' 'N' 'N' 'N'
 'N' 'N' 'N' 'N' 'N' 'N' 'N' 'N' 'N' 'N' 'N' 'N' 'N' 'N' 'N' 'N' 'N' 'N'
 'N' 'N' 'N' 'N' 'N' 'N' 'N' 'N' 'N' 'N' 'N' 'N' 'N' 'N' 'N' 'N' 'N' 'N'
 'N' 'N' 'N' 'N' 'N' 'N' 'N' 'N' 'N' 'N' 'N' 'N' 'N' 'N' 'N' 'N' 'N' 'N'
 'N' 'N' 'N' 'N' 'N' 'N' 'N' 'N' 'N' 'N' 'N' 'N' 'N' 'N' 'N' 'N' 'N' 'N'
 'N' 'N' 'N' 'N' 'N' 'N' 'N' 'N' 'N' 'N' 'N' 'N' 'N' 'N' 'N' 'N' 'N' 'N'
 'N' 'N' 'N' 'N' 'N' 'N' 'N' 'N' 'N' 'N' 'N' 'N' 'N' 'N' 'N' 'N' 'N' 'N'
 'N' 'N' 'N' 'N' 'N' 'N' 'N' 'N' 'N' 'N' 'N' 'N' 'N' 'N' 'N' 'N' 'N' 'N'
 'N' 'N' 'N' 'N' 'N' 'N' 'N' 'N' 'N' 'N' 'N' 'N' 'N' 'N' 'N' 'N' 'N' 'N'
 'N' 'N' 'N' 'N' 'N' 'N' 'N' 'N' 'N' 'N' 'N' 'N' 'N' 'N' 'O' 'O' 'O' 'O'
 'O' 'O' 'O' 'O' 'O' 'O' 'O' 'O' 'O' 'O' 'O' 'O' 'O' 'O' 'O' 'O' 'O' 'O'
 'O' 'O' 'O' 'O' 'O' 'O' 'O' 'O' 'O' 'O' 'O' 'O' 'O' 'O' 'O' 'O' 'O' 'O'
 'O' 'O' 'O' 'O' 'O' 'O' 'O' 'O' 'O' 'O' 'O' 'O' 'O' 'O' 'O' 'O' 'O' 'O'
 'O' 'O' 'O' 'O' 'O' 'O' 'O' 'O' 'O' 'O' 'O' 'O' 'O' 'O' 'O' 'O' 'O' 'O'
 'O' 'O' 'O' 'O' 'O' 'O' 'O' 'O' 'O' 'O' 'O' 'O' 'O' 'O' 'O' 'O' 'O' 'O'
 'O' 'O' 'O' 'O' 'O' 'O' 'O' 'O' 'O' 'O' 'O' 'O' 'O' 'O' 'O' 'O' 'O' 'O'
 'O' 'O' 'O' 'O' 'O' 'O' 'O' 'O' 'O' 'O' 'O' 'O' 'O' 'O' 'O' 'O' 'O' 'O'
 'O' 'O' 'O' 'O' 'O' 'O' 'O' 'O' 'O' 'O' 'O' 'O' 'O' 'O' 'O' 'O' 'O' 'O'
 'O' 'O' 'O' 'O' 'O' 'O' 'O' 'O' 'O' 'O' 'O' 'O' 'O' 'O' 'O' 'O' 'O' 'O'
 'O' 'O' 'O' 'O' 'O' 'O' 'O' 'O' 'O' 'O' 'O' 'O' 'O' 'O' 'O' 'O' 'O' 'O'
 'O' 'O' 'O' 'O' 'O' 'O' 'O' 'O' 'O' 'O' 'O' 'O' 'O' 'O' 'O' 'O' 'O' 'O'
 'O' 'O' 'O' 'O' 'O' 'O' 'O' 'O' 'O' 'O' 'O' 'O' 'O' 'O' 'O' 'O' 'O' 'O'
 'O' 'O' 'O' 'O' 'O' 'O' 'O' 'O' 'O' 'O' 'O' 'O' 'O' 'O' 'O' 'O' 'O' 'O'
 'O' 'O' 'O' 'O' 'O' 'O' 'O' 'O' 'O' 'O' 'O' 'O' 'O' 'I' 'I' 'I' 'I' 'I'
 'I' 'I' 'I' 'I' 'I' 'I' 'I' 'I' 'I' 'I' 'I' 'I' 'I' 'I' 'I' 'I' 'I' 'I'
 'I' 'I' 'I' 'I' 'I' 'I' 'I' 'I' 'I' 'I' 'I' 'I' 'I' 'I' 'I' 'I' 'I' 'I'
 'I' 'I' 'I' 'I' 'I' 'I' 'I' 'I' 'I' 'I' 'I' 'I' 'I' 'I' 'I' 'I' 'I' 'I'
 'I' 'I' 'I' 'I' 'I' 'I' 'I' 'I' 'I' 'I' 'I' 'I' 'I' 'I' 'I' 'I' 'I' 'I'
 'I' 'I' 'I' 'I' 'I' 'I' 'I' 'I' 'I' 'I' 'I' 'I' 'I' 'I' 'I' 'I' 'I' 'I'
 'I' 'I' 'I' 'I' 'I' 'I' 'I' 'I' 'I' 'I' 'I' 'I' 'I' 'I' 'I' 'I' 'I' 'I'
 'I' 'I' 'I' 'I' 'I' 'I' 'I' 'I' 'I' 'I' 'I' 'I' 'I' 'I' 'I' 'I' 'I' 'I'
 'I' 'I' 'I' 'I' 'I' 'I' 'I' 'I' 'I' 'I' 'I' 'I' 'I' 'I' 'I' 'I' 'I' 'I'
 'I' 'I' 'I' 'I' 'I' 'I' 'I' 'I' 'I' 'I' 'I' 'I' 'I' 'I' 'I' 'I' 'I' 'I'
 'I' 'I' 'I' 'I' 'I' 'I' 'I' 'I' 'I' 'I' 'I' 'I' 'I' 'I' 'I' 'I' 'I' 'I'
 'I' 'I' 'I' 'I' 'I' 'I' 'I' 'I' 'I' 'I' 'I' 'I' 'I' 'I' 'I' 'I' 'I' 'I'
 'I' 'I' 'I' 'I' 'I' 'I' 'I' 'I' 'I' 'I' 'I' 'I' 'I' 'I' 'I' 'I' 'I' 'I'
 'I' 'I' 'I' 'I' 'I' 'I' 'I' 'I' 'I' 'I' 'I' 'I' 'I' 'I' 'I' 'I' 'I' 'I'
 'I' 'I' 'I' 'I' 'I' 'I' 'I' 'I' 'I' 'I']","['N' 'N' 'N' 'N' 'N' 'N' 'N' 'N' 'N' 'N' 'N' 'N' 'N' 'N' 'N' 'N' 'N' 'N'
 'N' 'N' 'N' 'N' 'N' 'N' 'N' 'N' 'N' 'N' 'N' 'N' 'N' 'N' 'N' 'N' 'N' 'N'
 'N' 'N' 'N' 'N' 'N' 'N' 'N' 'N' 'N' 'N' 'N' 'N' 'N' 'N' 'N' 'N' 'N' 'N'
 'N' 'N' 'N' 'N' 'N' 'N' 'N' 'N' 'N' 'N' 'N' 'N' 'N' 'N' 'N' 'N' 'N' 'N'
 'N' 'N' 'N' 'N' 'N' 'N' 'N' 'N' 'N' 'N' 'N' 'N' 'N' 'N' 'N' 'N' 'N' 'N'
 'N' 'N' 'N' 'N' 'N' 'N' 'N' 'N' 'N' 'N' 'N' 'N' 'N' 'N' 'N' 'N' 'N' 'N'
 'N' 'N' 'N' 'N' 'N' 'N' 'N' 'N' 'N' 'N' 'N' 'N' 'N' 'N' 'N' 'N' 'N' 'N'
 'N' 'N' 'N' 'N' 'N' 'N' 'N' 'N' 'N' 'N' 'N' 'N' 'N' 'N' 'N' 'N' 'N' 'N'
 'N' 'N' 'N' 'N' 'N' 'N' 'N' 'N' 'N' 'N' 'N' 'N' 'N' 'N' 'N' 'N' 'N' 'N'
 'N' 'N' 'N' 'N' 'N' 'N' 'N' 'N' 'N' 'N' 'N' 'N' 'N' 'N' 'N' 'N' 'N' 'N'
 'N' 'N' 'N' 'N' 'N' 'N' 'N' 'N' 'N' 'N' 'N' 'N' 'N' 'N' 'N' 'N' 'N' 'N'
 'N' 'N' 'N' 'N' 'N' 'N' 'N' 'N' 'N' 'N' 'N' 'N' 'N' 'N' 'N' 'N' 'N' 'N'
 'N' 'N' 'N' 'N' 'N' 'N' 'N' 'N' 'N' 'N' 'N' 'N' 'N' 'N' 'N' 'N' 'N' 'N'
 'N' 'N' 'N' 'N' 'N' 'N' 'N' 'N' 'N' 'N' 'N' 'N' 'N' 'N' 'O' 'O' 'O' 'O'
 'O' 'O' 'O' 'O' 'O' 'O' 'O' 'O' 'O' 'O' 'O' 'O' 'O' 'O' 'O' 'O' 'O' 'O'
 'O' 'O' 'O' 'O' 'O' 'O' 'I' 'O' 'I' 'I' 'I' 'I' 'I' 'I' 'I' 'I' 'I' 'I'
 'I' 'I' 'I' 'I' 'O' 'I' 'I' 'I' 'I' 'O' 'I' 'I' 'I' 'I' 'I' 'I' 'I' 'I'
 'I' 'O' 'I' 'O' 'I' 'I' 'I' 'I' 'O' 'I' 'I' 'I' 'I' 'I' 'I' 'I' 'I' 'I'
 'I' 'I' 'I' 'I' 'O' 'I' 'I' 'I' 'O' 'I' 'I' 'I' 'O' 'O' 'I' 'I' 'I' 'I'
 'I' 'I' 'I' 'I' 'I' 'I' 'O' 'I' 'O' 'I' 'O' 'I' 'I' 'I' 'I' 'O' 'I' 'I'
 'I' 'O' 'I' 'I' 'I' 'I' 'I' 'O' 'I' 'O' 'O' 'O' 'O' 'O' 'O' 'O' 'O' 'O'
 'O' 'O' 'O' 'O' 'O' 'O' 'O' 'O' 'O' 'O' 'O' 'O' 'O' 'O' 'O' 'O' 'O' 'O'
 'O' 'O' 'O' 'O' 'O' 'O' 'O' 'O' 'O' 'O' 'O' 'O' 'O' 'O' 'O' 'O' 'O' 'O'
 'O' 'O' 'O' 'O' 'O' 'O' 'O' 'O' 'O' 'O' 'O' 'O' 'O' 'O' 'O' 'O' 'O' 'O'
 'O' 'O' 'O' 'O' 'O' 'O' 'O' 'O' 'O' 'O' 'O' 'O' 'O' 'O' 'O' 'O' 'O' 'O'
 'O' 'O' 'O' 'O' 'O' 'O' 'O' 'O' 'O' 'O' 'O' 'O' 'O' 'O' 'O' 'O' 'O' 'O'
 'O' 'O' 'O' 'O' 'O' 'O' 'O' 'O' 'O' 'O' 'O' 'O' 'O' 'O' 'O' 'O' 'O' 'O'
 'O' 'O' 'O' 'O' 'O' 'O' 'O' 'O' 'O' 'O' 'O' 'O' 'O' 'I' 'I' 'I' 'I' 'I'
 'I' 'I' 'I' 'I' 'I' 'I' 'I' 'I' 'I' 'I' 'I' 'I' 'I' 'I' 'I' 'I' 'I' 'I'
 'I' 'I' 'I' 'I' 'I' 'I' 'I' 'N' 'I' 'I' 'I' 'I' 'I' 'I' 'I' 'I' 'I' 'I'
 'N' 'I' 'I' 'I' 'I' 'N' 'I' 'I' 'I' 'I' 'I' 'N' 'I' 'I' 'I' 'I' 'N' 'I'
 'I' 'I' 'I' 'N' 'I' 'I' 'I' 'I' 'N' 'I' 'I' 'I' 'I' 'I' 'I' 'I' 'I' 'I'
 'I' 'N' 'I' 'I' 'I' 'I' 'I' 'I' 'I' 'I' 'I' 'I' 'N' 'I' 'I' 'I' 'I' 'I'
 'I' 'I' 'I' 'I' 'I' 'I' 'I' 'I' 'N' 'I' 'I' 'I' 'I' 'N' 'I' 'I' 'I' 'I'
 'I' 'I' 'I' 'I' 'I' 'I' 'I' 'I' 'I' 'I' 'I' 'I' 'I' 'I' 'I' 'I' 'I' 'I'
 'I' 'I' 'I' 'I' 'I' 'I' 'I' 'I' 'I' 'I' 'I' 'I' 'I' 'I' 'I' 'I' 'I' 'I'
 'I' 'I' 'I' 'I' 'I' 'I' 'I' 'I' 'I' 'I' 'I' 'I' 'I' 'I' 'I' 'I' 'I' 'I'
 'I' 'I' 'I' 'I' 'I' 'I' 'I' 'I' 'I' 'I' 'I' 'I' 'I' 'I' 'I' 'I' 'I' 'I'
 'I' 'I' 'I' 'I' 'I' 'I' 'I' 'I' 'I' 'I' 'I' 'I' 'I' 'I' 'I' 'I' 'I' 'I'
 'I' 'I' 'I' 'I' 'I' 'I' 'I' 'I' 'I' 'I' 'I' 'I' 'I' 'I' 'I' 'I' 'I' 'I'
 'I' 'I' 'I' 'I' 'I' 'I' 'I' 'I' 'I' 'I' 'I' 'I' 'I' 'I' 'I' 'I' 'I' 'I'
 'I' 'I' 'I' 'I' 'I' 'I' 'I' 'I' 'I' 'I']","[[0. 1. 0.]
 [0. 1. 0.]
 [0. 1. 0.]
 ...
 [1. 0. 0.]
 [1. 0. 0.]
 [1. 0. 0.]]"
Paderborn,StratifiedKfold,K-Nearest Neighbors,3,"['N' 'N' 'N' 'N' 'N' 'N' 'N' 'N' 'N' 'N' 'N' 'N' 'N' 'N' 'N' 'N' 'N' 'N'
 'N' 'N' 'N' 'N' 'N' 'N' 'N' 'N' 'N' 'N' 'N' 'N' 'N' 'N' 'N' 'N' 'N' 'N'
 'N' 'N' 'N' 'N' 'N' 'N' 'N' 'N' 'N' 'N' 'N' 'N' 'N' 'N' 'N' 'N' 'N' 'N'
 'N' 'N' 'N' 'N' 'N' 'N' 'N' 'N' 'N' 'N' 'N' 'N' 'N' 'N' 'N' 'N' 'N' 'N'
 'N' 'N' 'N' 'N' 'N' 'N' 'N' 'N' 'N' 'N' 'N' 'N' 'N' 'N' 'N' 'N' 'N' 'N'
 'N' 'N' 'N' 'N' 'N' 'N' 'N' 'N' 'N' 'N' 'N' 'N' 'N' 'N' 'N' 'N' 'N' 'N'
 'N' 'N' 'N' 'N' 'N' 'N' 'N' 'N' 'N' 'N' 'N' 'N' 'N' 'N' 'N' 'N' 'N' 'N'
 'N' 'N' 'N' 'N' 'N' 'N' 'N' 'N' 'N' 'N' 'N' 'N' 'N' 'N' 'N' 'N' 'N' 'N'
 'N' 'N' 'N' 'N' 'N' 'N' 'N' 'N' 'N' 'N' 'N' 'N' 'N' 'N' 'N' 'N' 'N' 'N'
 'N' 'N' 'N' 'N' 'N' 'N' 'N' 'N' 'N' 'N' 'N' 'N' 'N' 'N' 'N' 'N' 'N' 'N'
 'N' 'N' 'N' 'N' 'N' 'N' 'N' 'N' 'N' 'N' 'N' 'N' 'N' 'N' 'N' 'N' 'N' 'N'
 'N' 'N' 'N' 'N' 'N' 'N' 'N' 'N' 'N' 'N' 'N' 'N' 'N' 'N' 'N' 'N' 'N' 'N'
 'N' 'N' 'N' 'N' 'N' 'N' 'N' 'N' 'N' 'N' 'N' 'N' 'N' 'N' 'N' 'N' 'N' 'N'
 'N' 'N' 'N' 'N' 'N' 'N' 'N' 'N' 'N' 'N' 'N' 'N' 'N' 'N' 'O' 'O' 'O' 'O'
 'O' 'O' 'O' 'O' 'O' 'O' 'O' 'O' 'O' 'O' 'O' 'O' 'O' 'O' 'O' 'O' 'O' 'O'
 'O' 'O' 'O' 'O' 'O' 'O' 'O' 'O' 'O' 'O' 'O' 'O' 'O' 'O' 'O' 'O' 'O' 'O'
 'O' 'O' 'O' 'O' 'O' 'O' 'O' 'O' 'O' 'O' 'O' 'O' 'O' 'O' 'O' 'O' 'O' 'O'
 'O' 'O' 'O' 'O' 'O' 'O' 'O' 'O' 'O' 'O' 'O' 'O' 'O' 'O' 'O' 'O' 'O' 'O'
 'O' 'O' 'O' 'O' 'O' 'O' 'O' 'O' 'O' 'O' 'O' 'O' 'O' 'O' 'O' 'O' 'O' 'O'
 'O' 'O' 'O' 'O' 'O' 'O' 'O' 'O' 'O' 'O' 'O' 'O' 'O' 'O' 'O' 'O' 'O' 'O'
 'O' 'O' 'O' 'O' 'O' 'O' 'O' 'O' 'O' 'O' 'O' 'O' 'O' 'O' 'O' 'O' 'O' 'O'
 'O' 'O' 'O' 'O' 'O' 'O' 'O' 'O' 'O' 'O' 'O' 'O' 'O' 'O' 'O' 'O' 'O' 'O'
 'O' 'O' 'O' 'O' 'O' 'O' 'O' 'O' 'O' 'O' 'O' 'O' 'O' 'O' 'O' 'O' 'O' 'O'
 'O' 'O' 'O' 'O' 'O' 'O' 'O' 'O' 'O' 'O' 'O' 'O' 'O' 'O' 'O' 'O' 'O' 'O'
 'O' 'O' 'O' 'O' 'O' 'O' 'O' 'O' 'O' 'O' 'O' 'O' 'O' 'O' 'O' 'O' 'O' 'O'
 'O' 'O' 'O' 'O' 'O' 'O' 'O' 'O' 'O' 'O' 'O' 'O' 'O' 'O' 'O' 'O' 'O' 'O'
 'O' 'O' 'O' 'O' 'O' 'O' 'O' 'O' 'O' 'O' 'O' 'O' 'O' 'O' 'O' 'O' 'O' 'O'
 'O' 'O' 'O' 'O' 'O' 'O' 'O' 'O' 'O' 'O' 'O' 'O' 'I' 'I' 'I' 'I' 'I' 'I'
 'I' 'I' 'I' 'I' 'I' 'I' 'I' 'I' 'I' 'I' 'I' 'I' 'I' 'I' 'I' 'I' 'I' 'I'
 'I' 'I' 'I' 'I' 'I' 'I' 'I' 'I' 'I' 'I' 'I' 'I' 'I' 'I' 'I' 'I' 'I' 'I'
 'I' 'I' 'I' 'I' 'I' 'I' 'I' 'I' 'I' 'I' 'I' 'I' 'I' 'I' 'I' 'I' 'I' 'I'
 'I' 'I' 'I' 'I' 'I' 'I' 'I' 'I' 'I' 'I' 'I' 'I' 'I' 'I' 'I' 'I' 'I' 'I'
 'I' 'I' 'I' 'I' 'I' 'I' 'I' 'I' 'I' 'I' 'I' 'I' 'I' 'I' 'I' 'I' 'I' 'I'
 'I' 'I' 'I' 'I' 'I' 'I' 'I' 'I' 'I' 'I' 'I' 'I' 'I' 'I' 'I' 'I' 'I' 'I'
 'I' 'I' 'I' 'I' 'I' 'I' 'I' 'I' 'I' 'I' 'I' 'I' 'I' 'I' 'I' 'I' 'I' 'I'
 'I' 'I' 'I' 'I' 'I' 'I' 'I' 'I' 'I' 'I' 'I' 'I' 'I' 'I' 'I' 'I' 'I' 'I'
 'I' 'I' 'I' 'I' 'I' 'I' 'I' 'I' 'I' 'I' 'I' 'I' 'I' 'I' 'I' 'I' 'I' 'I'
 'I' 'I' 'I' 'I' 'I' 'I' 'I' 'I' 'I' 'I' 'I' 'I' 'I' 'I' 'I' 'I' 'I' 'I'
 'I' 'I' 'I' 'I' 'I' 'I' 'I' 'I' 'I' 'I' 'I' 'I' 'I' 'I' 'I' 'I' 'I' 'I'
 'I' 'I' 'I' 'I' 'I' 'I' 'I' 'I' 'I' 'I' 'I' 'I' 'I' 'I' 'I' 'I' 'I' 'I'
 'I' 'I' 'I' 'I' 'I' 'I' 'I' 'I' 'I' 'I' 'I' 'I' 'I' 'I' 'I' 'I' 'I' 'I'
 'I' 'I' 'I' 'I' 'I' 'I' 'I' 'I' 'I']","['N' 'N' 'N' 'N' 'N' 'N' 'N' 'N' 'N' 'N' 'N' 'N' 'N' 'N' 'N' 'N' 'N' 'N'
 'N' 'N' 'N' 'N' 'N' 'N' 'N' 'N' 'N' 'N' 'N' 'N' 'N' 'N' 'N' 'N' 'N' 'N'
 'N' 'N' 'N' 'N' 'N' 'N' 'N' 'N' 'N' 'N' 'N' 'N' 'N' 'N' 'N' 'N' 'N' 'N'
 'N' 'N' 'N' 'N' 'N' 'N' 'N' 'N' 'N' 'N' 'N' 'N' 'N' 'N' 'N' 'N' 'N' 'N'
 'N' 'N' 'N' 'N' 'N' 'N' 'N' 'N' 'N' 'N' 'N' 'N' 'N' 'N' 'N' 'N' 'N' 'N'
 'N' 'N' 'N' 'N' 'N' 'N' 'N' 'N' 'N' 'N' 'N' 'N' 'N' 'N' 'N' 'N' 'N' 'N'
 'N' 'N' 'N' 'N' 'N' 'N' 'N' 'N' 'N' 'N' 'N' 'N' 'N' 'N' 'N' 'N' 'N' 'N'
 'N' 'N' 'N' 'N' 'N' 'N' 'N' 'N' 'N' 'N' 'N' 'N' 'N' 'N' 'N' 'N' 'N' 'N'
 'N' 'N' 'N' 'N' 'N' 'N' 'N' 'N' 'N' 'N' 'N' 'N' 'N' 'N' 'N' 'N' 'N' 'N'
 'N' 'N' 'N' 'N' 'N' 'N' 'N' 'N' 'N' 'N' 'N' 'N' 'N' 'N' 'N' 'N' 'N' 'N'
 'N' 'N' 'N' 'N' 'N' 'N' 'N' 'N' 'N' 'N' 'N' 'N' 'N' 'N' 'N' 'N' 'N' 'N'
 'N' 'N' 'N' 'N' 'N' 'N' 'N' 'N' 'N' 'N' 'N' 'N' 'N' 'N' 'N' 'N' 'N' 'N'
 'N' 'N' 'N' 'N' 'N' 'N' 'N' 'N' 'N' 'N' 'N' 'N' 'N' 'N' 'N' 'N' 'N' 'N'
 'N' 'N' 'N' 'N' 'N' 'N' 'N' 'N' 'N' 'N' 'N' 'N' 'N' 'N' 'O' 'O' 'O' 'O'
 'O' 'O' 'O' 'O' 'O' 'O' 'O' 'O' 'O' 'O' 'O' 'O' 'O' 'O' 'O' 'O' 'O' 'O'
 'O' 'O' 'O' 'O' 'O' 'O' 'O' 'O' 'O' 'O' 'O' 'O' 'O' 'O' 'O' 'O' 'O' 'O'
 'O' 'O' 'O' 'O' 'O' 'O' 'O' 'O' 'O' 'O' 'O' 'O' 'O' 'O' 'O' 'O' 'O' 'O'
 'O' 'O' 'O' 'O' 'O' 'O' 'O' 'O' 'O' 'O' 'O' 'O' 'O' 'O' 'O' 'O' 'O' 'O'
 'O' 'O' 'O' 'O' 'O' 'O' 'O' 'O' 'O' 'O' 'O' 'O' 'O' 'O' 'O' 'O' 'O' 'O'
 'O' 'O' 'O' 'O' 'O' 'O' 'O' 'O' 'O' 'O' 'O' 'O' 'O' 'O' 'O' 'O' 'O' 'O'
 'O' 'O' 'O' 'O' 'O' 'O' 'O' 'O' 'O' 'O' 'O' 'O' 'O' 'O' 'O' 'O' 'O' 'O'
 'O' 'O' 'O' 'O' 'O' 'O' 'O' 'O' 'O' 'O' 'O' 'O' 'O' 'O' 'O' 'O' 'O' 'O'
 'O' 'O' 'O' 'O' 'O' 'O' 'O' 'O' 'O' 'O' 'O' 'O' 'O' 'O' 'O' 'O' 'O' 'O'
 'O' 'O' 'O' 'O' 'O' 'O' 'O' 'O' 'O' 'O' 'O' 'O' 'O' 'O' 'O' 'O' 'O' 'O'
 'O' 'O' 'O' 'O' 'O' 'O' 'O' 'O' 'O' 'O' 'O' 'O' 'O' 'O' 'O' 'O' 'O' 'O'
 'O' 'O' 'O' 'O' 'O' 'O' 'O' 'O' 'O' 'O' 'O' 'O' 'O' 'O' 'O' 'O' 'O' 'O'
 'O' 'O' 'O' 'O' 'O' 'O' 'O' 'O' 'O' 'O' 'O' 'O' 'O' 'O' 'O' 'O' 'O' 'O'
 'O' 'O' 'O' 'O' 'O' 'O' 'O' 'O' 'O' 'O' 'O' 'O' 'I' 'I' 'I' 'I' 'I' 'I'
 'I' 'I' 'I' 'I' 'I' 'I' 'I' 'I' 'I' 'I' 'I' 'I' 'I' 'I' 'I' 'I' 'I' 'I'
 'I' 'I' 'I' 'I' 'I' 'I' 'I' 'I' 'I' 'I' 'I' 'I' 'I' 'I' 'I' 'I' 'I' 'I'
 'I' 'I' 'I' 'I' 'I' 'I' 'I' 'I' 'I' 'I' 'I' 'I' 'I' 'I' 'I' 'I' 'I' 'I'
 'I' 'I' 'I' 'I' 'I' 'I' 'I' 'I' 'I' 'I' 'I' 'I' 'I' 'I' 'I' 'I' 'I' 'I'
 'I' 'I' 'I' 'I' 'I' 'I' 'I' 'I' 'I' 'I' 'I' 'I' 'I' 'I' 'I' 'I' 'I' 'I'
 'I' 'I' 'I' 'I' 'I' 'I' 'I' 'I' 'I' 'I' 'I' 'I' 'I' 'I' 'I' 'I' 'I' 'I'
 'I' 'I' 'I' 'I' 'I' 'I' 'I' 'I' 'I' 'I' 'I' 'I' 'I' 'I' 'I' 'I' 'I' 'I'
 'I' 'I' 'I' 'I' 'I' 'I' 'I' 'I' 'I' 'I' 'I' 'I' 'I' 'I' 'I' 'I' 'I' 'I'
 'I' 'I' 'I' 'O' 'I' 'O' 'O' 'O' 'I' 'O' 'O' 'I' 'I' 'O' 'O' 'I' 'O' 'O'
 'I' 'I' 'I' 'I' 'I' 'I' 'O' 'I' 'O' 'I' 'I' 'O' 'O' 'I' 'I' 'O' 'I' 'O'
 'O' 'O' 'O' 'O' 'I' 'I' 'I' 'O' 'O' 'O' 'I' 'I' 'I' 'I' 'O' 'O' 'O' 'I'
 'I' 'I' 'I' 'O' 'I' 'O' 'O' 'I' 'I' 'O' 'O' 'O' 'I' 'O' 'O' 'I' 'I' 'I'
 'O' 'O' 'I' 'O' 'I' 'I' 'O' 'O' 'I' 'O' 'O' 'I' 'I' 'I' 'O' 'O' 'I' 'I'
 'I' 'I' 'O' 'O' 'I' 'O' 'O' 'I' 'O']","[[0. 1. 0.]
 [0. 1. 0.]
 [0. 1. 0.]
 ...
 [0. 0. 1.]
 [1. 0. 0.]
 [0. 0. 1.]]"
Paderborn,StratifiedKfold,Random Forest,1,"['N' 'N' 'N' 'N' 'N' 'N' 'N' 'N' 'N' 'N' 'N' 'N' 'N' 'N' 'N' 'N' 'N' 'N'
 'N' 'N' 'N' 'N' 'N' 'N' 'N' 'N' 'N' 'N' 'N' 'N' 'N' 'N' 'N' 'N' 'N' 'N'
 'N' 'N' 'N' 'N' 'N' 'N' 'N' 'N' 'N' 'N' 'N' 'N' 'N' 'N' 'N' 'N' 'N' 'N'
 'N' 'N' 'N' 'N' 'N' 'N' 'N' 'N' 'N' 'N' 'N' 'N' 'N' 'N' 'N' 'N' 'N' 'N'
 'N' 'N' 'N' 'N' 'N' 'N' 'N' 'N' 'N' 'N' 'N' 'N' 'N' 'N' 'N' 'N' 'N' 'N'
 'N' 'N' 'N' 'N' 'N' 'N' 'N' 'N' 'N' 'N' 'N' 'N' 'N' 'N' 'N' 'N' 'N' 'N'
 'N' 'N' 'N' 'N' 'N' 'N' 'N' 'N' 'N' 'N' 'N' 'N' 'N' 'N' 'N' 'N' 'N' 'N'
 'N' 'N' 'N' 'N' 'N' 'N' 'N' 'N' 'N' 'N' 'N' 'N' 'N' 'N' 'N' 'N' 'N' 'N'
 'N' 'N' 'N' 'N' 'N' 'N' 'N' 'N' 'N' 'N' 'N' 'N' 'N' 'N' 'N' 'N' 'N' 'N'
 'N' 'N' 'N' 'N' 'N' 'N' 'N' 'N' 'N' 'N' 'N' 'N' 'N' 'N' 'N' 'N' 'N' 'N'
 'N' 'N' 'N' 'N' 'N' 'N' 'N' 'N' 'N' 'N' 'N' 'N' 'N' 'N' 'N' 'N' 'N' 'N'
 'N' 'N' 'N' 'N' 'N' 'N' 'N' 'N' 'N' 'N' 'N' 'N' 'N' 'N' 'N' 'N' 'N' 'N'
 'N' 'N' 'N' 'N' 'N' 'N' 'N' 'N' 'N' 'N' 'N' 'N' 'N' 'N' 'N' 'N' 'N' 'N'
 'N' 'N' 'N' 'N' 'N' 'N' 'N' 'N' 'N' 'N' 'N' 'N' 'N' 'N' 'O' 'O' 'O' 'O'
 'O' 'O' 'O' 'O' 'O' 'O' 'O' 'O' 'O' 'O' 'O' 'O' 'O' 'O' 'O' 'O' 'O' 'O'
 'O' 'O' 'O' 'O' 'O' 'O' 'O' 'O' 'O' 'O' 'O' 'O' 'O' 'O' 'O' 'O' 'O' 'O'
 'O' 'O' 'O' 'O' 'O' 'O' 'O' 'O' 'O' 'O' 'O' 'O' 'O' 'O' 'O' 'O' 'O' 'O'
 'O' 'O' 'O' 'O' 'O' 'O' 'O' 'O' 'O' 'O' 'O' 'O' 'O' 'O' 'O' 'O' 'O' 'O'
 'O' 'O' 'O' 'O' 'O' 'O' 'O' 'O' 'O' 'O' 'O' 'O' 'O' 'O' 'O' 'O' 'O' 'O'
 'O' 'O' 'O' 'O' 'O' 'O' 'O' 'O' 'O' 'O' 'O' 'O' 'O' 'O' 'O' 'O' 'O' 'O'
 'O' 'O' 'O' 'O' 'O' 'O' 'O' 'O' 'O' 'O' 'O' 'O' 'O' 'O' 'O' 'O' 'O' 'O'
 'O' 'O' 'O' 'O' 'O' 'O' 'O' 'O' 'O' 'O' 'O' 'O' 'O' 'O' 'O' 'O' 'O' 'O'
 'O' 'O' 'O' 'O' 'O' 'O' 'O' 'O' 'O' 'O' 'O' 'O' 'O' 'O' 'O' 'O' 'O' 'O'
 'O' 'O' 'O' 'O' 'O' 'O' 'O' 'O' 'O' 'O' 'O' 'O' 'O' 'O' 'O' 'O' 'O' 'O'
 'O' 'O' 'O' 'O' 'O' 'O' 'O' 'O' 'O' 'O' 'O' 'O' 'O' 'O' 'O' 'O' 'O' 'O'
 'O' 'O' 'O' 'O' 'O' 'O' 'O' 'O' 'O' 'O' 'O' 'O' 'O' 'O' 'O' 'O' 'O' 'O'
 'O' 'O' 'O' 'O' 'O' 'O' 'O' 'O' 'O' 'O' 'O' 'O' 'O' 'O' 'O' 'O' 'O' 'O'
 'O' 'O' 'O' 'O' 'O' 'O' 'O' 'O' 'O' 'O' 'O' 'O' 'O' 'I' 'I' 'I' 'I' 'I'
 'I' 'I' 'I' 'I' 'I' 'I' 'I' 'I' 'I' 'I' 'I' 'I' 'I' 'I' 'I' 'I' 'I' 'I'
 'I' 'I' 'I' 'I' 'I' 'I' 'I' 'I' 'I' 'I' 'I' 'I' 'I' 'I' 'I' 'I' 'I' 'I'
 'I' 'I' 'I' 'I' 'I' 'I' 'I' 'I' 'I' 'I' 'I' 'I' 'I' 'I' 'I' 'I' 'I' 'I'
 'I' 'I' 'I' 'I' 'I' 'I' 'I' 'I' 'I' 'I' 'I' 'I' 'I' 'I' 'I' 'I' 'I' 'I'
 'I' 'I' 'I' 'I' 'I' 'I' 'I' 'I' 'I' 'I' 'I' 'I' 'I' 'I' 'I' 'I' 'I' 'I'
 'I' 'I' 'I' 'I' 'I' 'I' 'I' 'I' 'I' 'I' 'I' 'I' 'I' 'I' 'I' 'I' 'I' 'I'
 'I' 'I' 'I' 'I' 'I' 'I' 'I' 'I' 'I' 'I' 'I' 'I' 'I' 'I' 'I' 'I' 'I' 'I'
 'I' 'I' 'I' 'I' 'I' 'I' 'I' 'I' 'I' 'I' 'I' 'I' 'I' 'I' 'I' 'I' 'I' 'I'
 'I' 'I' 'I' 'I' 'I' 'I' 'I' 'I' 'I' 'I' 'I' 'I' 'I' 'I' 'I' 'I' 'I' 'I'
 'I' 'I' 'I' 'I' 'I' 'I' 'I' 'I' 'I' 'I' 'I' 'I' 'I' 'I' 'I' 'I' 'I' 'I'
 'I' 'I' 'I' 'I' 'I' 'I' 'I' 'I' 'I' 'I' 'I' 'I' 'I' 'I' 'I' 'I' 'I' 'I'
 'I' 'I' 'I' 'I' 'I' 'I' 'I' 'I' 'I' 'I' 'I' 'I' 'I' 'I' 'I' 'I' 'I' 'I'
 'I' 'I' 'I' 'I' 'I' 'I' 'I' 'I' 'I' 'I' 'I' 'I' 'I' 'I' 'I' 'I' 'I' 'I'
 'I' 'I' 'I' 'I' 'I' 'I' 'I' 'I' 'I' 'I']","['N' 'N' 'N' 'N' 'N' 'N' 'N' 'N' 'N' 'N' 'N' 'N' 'N' 'N' 'N' 'N' 'N' 'N'
 'N' 'N' 'N' 'N' 'N' 'N' 'N' 'N' 'N' 'N' 'N' 'N' 'N' 'N' 'N' 'N' 'N' 'N'
 'N' 'N' 'N' 'N' 'N' 'N' 'N' 'N' 'N' 'N' 'N' 'N' 'N' 'N' 'N' 'N' 'N' 'N'
 'N' 'N' 'N' 'N' 'N' 'N' 'N' 'N' 'N' 'N' 'N' 'N' 'N' 'N' 'N' 'N' 'N' 'N'
 'N' 'N' 'N' 'N' 'N' 'N' 'N' 'N' 'N' 'N' 'N' 'N' 'N' 'N' 'N' 'N' 'N' 'N'
 'N' 'N' 'N' 'N' 'N' 'N' 'N' 'N' 'N' 'N' 'N' 'N' 'N' 'N' 'N' 'N' 'N' 'N'
 'N' 'N' 'N' 'N' 'N' 'N' 'N' 'N' 'N' 'N' 'N' 'N' 'N' 'N' 'N' 'N' 'N' 'N'
 'N' 'N' 'N' 'N' 'N' 'N' 'N' 'N' 'N' 'N' 'N' 'N' 'N' 'N' 'N' 'N' 'N' 'N'
 'N' 'N' 'N' 'N' 'N' 'N' 'N' 'N' 'N' 'N' 'N' 'N' 'N' 'N' 'N' 'N' 'N' 'N'
 'N' 'N' 'N' 'N' 'N' 'N' 'N' 'N' 'N' 'N' 'N' 'N' 'N' 'N' 'N' 'N' 'N' 'N'
 'N' 'N' 'N' 'N' 'N' 'N' 'N' 'N' 'N' 'N' 'N' 'N' 'N' 'N' 'N' 'N' 'N' 'N'
 'N' 'N' 'N' 'N' 'N' 'N' 'N' 'N' 'N' 'N' 'N' 'N' 'N' 'N' 'N' 'N' 'N' 'N'
 'N' 'N' 'N' 'N' 'N' 'N' 'N' 'N' 'N' 'N' 'N' 'N' 'N' 'N' 'N' 'N' 'N' 'N'
 'N' 'N' 'N' 'N' 'N' 'N' 'N' 'N' 'N' 'N' 'N' 'N' 'N' 'N' 'O' 'O' 'O' 'O'
 'O' 'O' 'O' 'O' 'O' 'O' 'O' 'O' 'O' 'O' 'O' 'O' 'O' 'O' 'O' 'O' 'O' 'O'
 'O' 'O' 'O' 'O' 'O' 'O' 'O' 'O' 'O' 'O' 'O' 'O' 'O' 'O' 'O' 'O' 'O' 'O'
 'O' 'O' 'O' 'O' 'O' 'O' 'O' 'O' 'O' 'O' 'O' 'O' 'O' 'O' 'O' 'O' 'O' 'O'
 'O' 'O' 'O' 'O' 'O' 'O' 'O' 'O' 'O' 'O' 'O' 'O' 'O' 'O' 'O' 'O' 'O' 'O'
 'O' 'O' 'O' 'O' 'O' 'O' 'O' 'O' 'O' 'O' 'O' 'O' 'O' 'O' 'O' 'O' 'O' 'N'
 'N' 'N' 'N' 'N' 'N' 'N' 'N' 'N' 'N' 'N' 'N' 'N' 'N' 'N' 'N' 'N' 'N' 'N'
 'N' 'N' 'N' 'N' 'N' 'N' 'N' 'N' 'N' 'N' 'N' 'N' 'N' 'N' 'N' 'N' 'N' 'N'
 'N' 'N' 'N' 'N' 'N' 'N' 'N' 'N' 'N' 'N' 'N' 'N' 'N' 'N' 'N' 'N' 'N' 'N'
 'N' 'N' 'N' 'N' 'N' 'N' 'N' 'N' 'N' 'N' 'N' 'N' 'N' 'N' 'N' 'N' 'N' 'N'
 'N' 'N' 'N' 'N' 'N' 'N' 'N' 'N' 'N' 'N' 'N' 'N' 'N' 'N' 'N' 'N' 'N' 'N'
 'N' 'N' 'O' 'O' 'O' 'O' 'O' 'O' 'O' 'O' 'O' 'O' 'O' 'O' 'O' 'O' 'O' 'O'
 'O' 'O' 'O' 'O' 'O' 'O' 'O' 'O' 'O' 'O' 'O' 'O' 'O' 'O' 'O' 'O' 'O' 'O'
 'O' 'O' 'O' 'O' 'O' 'O' 'O' 'O' 'O' 'O' 'O' 'O' 'O' 'O' 'O' 'O' 'O' 'O'
 'O' 'O' 'O' 'O' 'O' 'O' 'O' 'O' 'O' 'O' 'O' 'O' 'O' 'I' 'I' 'I' 'I' 'I'
 'I' 'I' 'I' 'I' 'I' 'I' 'I' 'I' 'I' 'I' 'I' 'I' 'I' 'I' 'I' 'I' 'I' 'I'
 'I' 'I' 'I' 'I' 'I' 'I' 'I' 'I' 'I' 'I' 'I' 'I' 'I' 'I' 'I' 'I' 'I' 'I'
 'I' 'I' 'I' 'I' 'I' 'I' 'I' 'I' 'I' 'I' 'I' 'I' 'I' 'I' 'I' 'I' 'I' 'I'
 'I' 'I' 'I' 'I' 'I' 'I' 'I' 'I' 'I' 'I' 'I' 'I' 'I' 'I' 'I' 'I' 'I' 'I'
 'I' 'I' 'I' 'I' 'I' 'I' 'I' 'I' 'I' 'I' 'I' 'I' 'I' 'I' 'I' 'I' 'N' 'N'
 'N' 'N' 'N' 'N' 'N' 'N' 'N' 'N' 'N' 'N' 'N' 'O' 'N' 'N' 'N' 'N' 'N' 'I'
 'N' 'N' 'N' 'N' 'N' 'N' 'N' 'O' 'N' 'N' 'N' 'N' 'O' 'N' 'N' 'N' 'N' 'N'
 'N' 'N' 'N' 'N' 'N' 'N' 'N' 'N' 'O' 'N' 'N' 'N' 'N' 'N' 'N' 'O' 'N' 'N'
 'N' 'N' 'N' 'N' 'O' 'N' 'N' 'N' 'N' 'N' 'N' 'N' 'N' 'N' 'N' 'N' 'N' 'N'
 'N' 'N' 'N' 'N' 'N' 'N' 'N' 'N' 'N' 'N' 'N' 'N' 'N' 'N' 'N' 'N' 'N' 'N'
 'N' 'I' 'I' 'I' 'I' 'I' 'I' 'I' 'I' 'I' 'I' 'I' 'I' 'I' 'I' 'I' 'I' 'I'
 'I' 'I' 'I' 'I' 'I' 'I' 'I' 'I' 'I' 'I' 'I' 'I' 'I' 'I' 'I' 'I' 'I' 'I'
 'I' 'I' 'I' 'I' 'I' 'I' 'I' 'I' 'I' 'I' 'I' 'I' 'I' 'I' 'I' 'I' 'I' 'I'
 'I' 'I' 'I' 'I' 'I' 'I' 'I' 'I' 'I' 'I']","[[0.02 0.98 0.  ]
 [0.   1.   0.  ]
 [0.28 0.68 0.04]
 ...
 [1.   0.   0.  ]
 [1.   0.   0.  ]
 [1.   0.   0.  ]]"
Paderborn,StratifiedKfold,Random Forest,2,"['N' 'N' 'N' 'N' 'N' 'N' 'N' 'N' 'N' 'N' 'N' 'N' 'N' 'N' 'N' 'N' 'N' 'N'
 'N' 'N' 'N' 'N' 'N' 'N' 'N' 'N' 'N' 'N' 'N' 'N' 'N' 'N' 'N' 'N' 'N' 'N'
 'N' 'N' 'N' 'N' 'N' 'N' 'N' 'N' 'N' 'N' 'N' 'N' 'N' 'N' 'N' 'N' 'N' 'N'
 'N' 'N' 'N' 'N' 'N' 'N' 'N' 'N' 'N' 'N' 'N' 'N' 'N' 'N' 'N' 'N' 'N' 'N'
 'N' 'N' 'N' 'N' 'N' 'N' 'N' 'N' 'N' 'N' 'N' 'N' 'N' 'N' 'N' 'N' 'N' 'N'
 'N' 'N' 'N' 'N' 'N' 'N' 'N' 'N' 'N' 'N' 'N' 'N' 'N' 'N' 'N' 'N' 'N' 'N'
 'N' 'N' 'N' 'N' 'N' 'N' 'N' 'N' 'N' 'N' 'N' 'N' 'N' 'N' 'N' 'N' 'N' 'N'
 'N' 'N' 'N' 'N' 'N' 'N' 'N' 'N' 'N' 'N' 'N' 'N' 'N' 'N' 'N' 'N' 'N' 'N'
 'N' 'N' 'N' 'N' 'N' 'N' 'N' 'N' 'N' 'N' 'N' 'N' 'N' 'N' 'N' 'N' 'N' 'N'
 'N' 'N' 'N' 'N' 'N' 'N' 'N' 'N' 'N' 'N' 'N' 'N' 'N' 'N' 'N' 'N' 'N' 'N'
 'N' 'N' 'N' 'N' 'N' 'N' 'N' 'N' 'N' 'N' 'N' 'N' 'N' 'N' 'N' 'N' 'N' 'N'
 'N' 'N' 'N' 'N' 'N' 'N' 'N' 'N' 'N' 'N' 'N' 'N' 'N' 'N' 'N' 'N' 'N' 'N'
 'N' 'N' 'N' 'N' 'N' 'N' 'N' 'N' 'N' 'N' 'N' 'N' 'N' 'N' 'N' 'N' 'N' 'N'
 'N' 'N' 'N' 'N' 'N' 'N' 'N' 'N' 'N' 'N' 'N' 'N' 'N' 'N' 'O' 'O' 'O' 'O'
 'O' 'O' 'O' 'O' 'O' 'O' 'O' 'O' 'O' 'O' 'O' 'O' 'O' 'O' 'O' 'O' 'O' 'O'
 'O' 'O' 'O' 'O' 'O' 'O' 'O' 'O' 'O' 'O' 'O' 'O' 'O' 'O' 'O' 'O' 'O' 'O'
 'O' 'O' 'O' 'O' 'O' 'O' 'O' 'O' 'O' 'O' 'O' 'O' 'O' 'O' 'O' 'O' 'O' 'O'
 'O' 'O' 'O' 'O' 'O' 'O' 'O' 'O' 'O' 'O' 'O' 'O' 'O' 'O' 'O' 'O' 'O' 'O'
 'O' 'O' 'O' 'O' 'O' 'O' 'O' 'O' 'O' 'O' 'O' 'O' 'O' 'O' 'O' 'O' 'O' 'O'
 'O' 'O' 'O' 'O' 'O' 'O' 'O' 'O' 'O' 'O' 'O' 'O' 'O' 'O' 'O' 'O' 'O' 'O'
 'O' 'O' 'O' 'O' 'O' 'O' 'O' 'O' 'O' 'O' 'O' 'O' 'O' 'O' 'O' 'O' 'O' 'O'
 'O' 'O' 'O' 'O' 'O' 'O' 'O' 'O' 'O' 'O' 'O' 'O' 'O' 'O' 'O' 'O' 'O' 'O'
 'O' 'O' 'O' 'O' 'O' 'O' 'O' 'O' 'O' 'O' 'O' 'O' 'O' 'O' 'O' 'O' 'O' 'O'
 'O' 'O' 'O' 'O' 'O' 'O' 'O' 'O' 'O' 'O' 'O' 'O' 'O' 'O' 'O' 'O' 'O' 'O'
 'O' 'O' 'O' 'O' 'O' 'O' 'O' 'O' 'O' 'O' 'O' 'O' 'O' 'O' 'O' 'O' 'O' 'O'
 'O' 'O' 'O' 'O' 'O' 'O' 'O' 'O' 'O' 'O' 'O' 'O' 'O' 'O' 'O' 'O' 'O' 'O'
 'O' 'O' 'O' 'O' 'O' 'O' 'O' 'O' 'O' 'O' 'O' 'O' 'O' 'O' 'O' 'O' 'O' 'O'
 'O' 'O' 'O' 'O' 'O' 'O' 'O' 'O' 'O' 'O' 'O' 'O' 'O' 'I' 'I' 'I' 'I' 'I'
 'I' 'I' 'I' 'I' 'I' 'I' 'I' 'I' 'I' 'I' 'I' 'I' 'I' 'I' 'I' 'I' 'I' 'I'
 'I' 'I' 'I' 'I' 'I' 'I' 'I' 'I' 'I' 'I' 'I' 'I' 'I' 'I' 'I' 'I' 'I' 'I'
 'I' 'I' 'I' 'I' 'I' 'I' 'I' 'I' 'I' 'I' 'I' 'I' 'I' 'I' 'I' 'I' 'I' 'I'
 'I' 'I' 'I' 'I' 'I' 'I' 'I' 'I' 'I' 'I' 'I' 'I' 'I' 'I' 'I' 'I' 'I' 'I'
 'I' 'I' 'I' 'I' 'I' 'I' 'I' 'I' 'I' 'I' 'I' 'I' 'I' 'I' 'I' 'I' 'I' 'I'
 'I' 'I' 'I' 'I' 'I' 'I' 'I' 'I' 'I' 'I' 'I' 'I' 'I' 'I' 'I' 'I' 'I' 'I'
 'I' 'I' 'I' 'I' 'I' 'I' 'I' 'I' 'I' 'I' 'I' 'I' 'I' 'I' 'I' 'I' 'I' 'I'
 'I' 'I' 'I' 'I' 'I' 'I' 'I' 'I' 'I' 'I' 'I' 'I' 'I' 'I' 'I' 'I' 'I' 'I'
 'I' 'I' 'I' 'I' 'I' 'I' 'I' 'I' 'I' 'I' 'I' 'I' 'I' 'I' 'I' 'I' 'I' 'I'
 'I' 'I' 'I' 'I' 'I' 'I' 'I' 'I' 'I' 'I' 'I' 'I' 'I' 'I' 'I' 'I' 'I' 'I'
 'I' 'I' 'I' 'I' 'I' 'I' 'I' 'I' 'I' 'I' 'I' 'I' 'I' 'I' 'I' 'I' 'I' 'I'
 'I' 'I' 'I' 'I' 'I' 'I' 'I' 'I' 'I' 'I' 'I' 'I' 'I' 'I' 'I' 'I' 'I' 'I'
 'I' 'I' 'I' 'I' 'I' 'I' 'I' 'I' 'I' 'I' 'I' 'I' 'I' 'I' 'I' 'I' 'I' 'I'
 'I' 'I' 'I' 'I' 'I' 'I' 'I' 'I' 'I' 'I']","['N' 'N' 'N' 'N' 'N' 'N' 'N' 'N' 'N' 'N' 'N' 'N' 'N' 'N' 'N' 'N' 'N' 'N'
 'N' 'N' 'N' 'N' 'N' 'N' 'N' 'N' 'N' 'N' 'N' 'N' 'N' 'N' 'N' 'N' 'N' 'N'
 'N' 'N' 'N' 'N' 'N' 'N' 'N' 'I' 'N' 'N' 'N' 'N' 'N' 'N' 'N' 'N' 'N' 'N'
 'N' 'N' 'N' 'N' 'N' 'N' 'N' 'N' 'N' 'N' 'N' 'N' 'N' 'N' 'N' 'N' 'N' 'N'
 'N' 'N' 'N' 'N' 'N' 'N' 'N' 'N' 'N' 'N' 'N' 'N' 'N' 'N' 'N' 'N' 'N' 'N'
 'N' 'I' 'N' 'N' 'N' 'N' 'N' 'N' 'N' 'N' 'N' 'N' 'N' 'N' 'N' 'N' 'N' 'N'
 'N' 'N' 'N' 'N' 'N' 'N' 'N' 'N' 'N' 'I' 'N' 'N' 'N' 'N' 'N' 'I' 'N' 'N'
 'N' 'N' 'N' 'N' 'N' 'N' 'N' 'N' 'N' 'N' 'N' 'N' 'N' 'N' 'N' 'N' 'N' 'N'
 'N' 'N' 'N' 'N' 'N' 'N' 'N' 'N' 'N' 'N' 'N' 'N' 'N' 'N' 'N' 'N' 'N' 'N'
 'N' 'N' 'N' 'N' 'N' 'N' 'N' 'N' 'N' 'N' 'N' 'N' 'N' 'N' 'N' 'N' 'N' 'N'
 'N' 'N' 'N' 'N' 'N' 'N' 'N' 'N' 'N' 'N' 'N' 'N' 'N' 'N' 'N' 'N' 'N' 'N'
 'N' 'N' 'N' 'N' 'N' 'N' 'N' 'N' 'N' 'N' 'N' 'N' 'N' 'N' 'N' 'N' 'N' 'N'
 'N' 'N' 'N' 'N' 'N' 'N' 'N' 'N' 'N' 'N' 'N' 'N' 'N' 'N' 'N' 'N' 'N' 'N'
 'N' 'N' 'N' 'N' 'N' 'N' 'N' 'N' 'N' 'N' 'N' 'N' 'N' 'N' 'O' 'O' 'O' 'O'
 'O' 'O' 'O' 'O' 'O' 'O' 'O' 'O' 'O' 'O' 'O' 'O' 'O' 'O' 'O' 'O' 'O' 'O'
 'O' 'O' 'O' 'O' 'O' 'O' 'I' 'O' 'I' 'I' 'I' 'I' 'I' 'I' 'I' 'I' 'I' 'I'
 'I' 'I' 'I' 'I' 'I' 'I' 'I' 'I' 'I' 'I' 'I' 'I' 'I' 'I' 'I' 'I' 'I' 'I'
 'I' 'I' 'I' 'I' 'I' 'I' 'I' 'I' 'I' 'I' 'I' 'I' 'I' 'I' 'I' 'I' 'I' 'I'
 'I' 'I' 'I' 'O' 'I' 'I' 'I' 'I' 'I' 'I' 'I' 'I' 'I' 'O' 'I' 'I' 'I' 'I'
 'I' 'I' 'I' 'I' 'I' 'I' 'I' 'I' 'I' 'I' 'I' 'I' 'I' 'I' 'I' 'O' 'I' 'I'
 'I' 'I' 'I' 'I' 'I' 'I' 'I' 'O' 'I' 'O' 'O' 'O' 'O' 'O' 'O' 'O' 'O' 'O'
 'O' 'O' 'O' 'O' 'O' 'O' 'O' 'O' 'O' 'O' 'O' 'O' 'O' 'O' 'O' 'O' 'O' 'O'
 'O' 'O' 'O' 'O' 'O' 'O' 'O' 'O' 'O' 'O' 'O' 'O' 'O' 'O' 'O' 'O' 'O' 'O'
 'O' 'O' 'O' 'O' 'O' 'O' 'O' 'O' 'O' 'O' 'O' 'O' 'O' 'O' 'O' 'O' 'O' 'O'
 'O' 'O' 'O' 'O' 'O' 'O' 'O' 'O' 'O' 'O' 'O' 'O' 'O' 'O' 'O' 'O' 'O' 'O'
 'O' 'O' 'O' 'O' 'O' 'O' 'O' 'O' 'O' 'O' 'O' 'O' 'O' 'O' 'O' 'O' 'O' 'O'
 'O' 'O' 'O' 'O' 'O' 'O' 'O' 'O' 'O' 'O' 'O' 'O' 'O' 'O' 'O' 'O' 'O' 'O'
 'O' 'O' 'O' 'O' 'O' 'O' 'O' 'O' 'O' 'O' 'O' 'O' 'O' 'I' 'I' 'I' 'I' 'I'
 'I' 'I' 'I' 'I' 'I' 'I' 'I' 'I' 'I' 'I' 'I' 'I' 'I' 'I' 'I' 'I' 'I' 'I'
 'I' 'I' 'I' 'I' 'I' 'I' 'I' 'I' 'I' 'I' 'I' 'I' 'I' 'I' 'I' 'I' 'I' 'I'
 'I' 'I' 'I' 'I' 'I' 'O' 'I' 'I' 'I' 'I' 'I' 'I' 'I' 'I' 'I' 'I' 'O' 'I'
 'I' 'I' 'I' 'I' 'I' 'I' 'I' 'I' 'I' 'I' 'I' 'I' 'I' 'I' 'I' 'I' 'I' 'I'
 'I' 'I' 'I' 'I' 'I' 'I' 'I' 'I' 'I' 'I' 'I' 'I' 'I' 'I' 'I' 'I' 'I' 'I'
 'I' 'I' 'I' 'I' 'I' 'I' 'I' 'I' 'I' 'I' 'I' 'I' 'I' 'I' 'I' 'I' 'I' 'I'
 'I' 'I' 'I' 'I' 'I' 'I' 'I' 'I' 'I' 'I' 'I' 'I' 'I' 'I' 'I' 'I' 'I' 'I'
 'I' 'I' 'I' 'I' 'I' 'I' 'I' 'I' 'I' 'I' 'I' 'I' 'I' 'I' 'I' 'I' 'I' 'I'
 'I' 'I' 'I' 'I' 'I' 'I' 'I' 'I' 'I' 'I' 'I' 'I' 'I' 'I' 'I' 'I' 'I' 'I'
 'I' 'I' 'I' 'I' 'I' 'I' 'I' 'I' 'I' 'I' 'I' 'I' 'I' 'I' 'I' 'I' 'I' 'I'
 'I' 'I' 'I' 'I' 'I' 'I' 'I' 'I' 'I' 'I' 'I' 'I' 'I' 'I' 'I' 'I' 'I' 'I'
 'I' 'I' 'I' 'I' 'I' 'I' 'I' 'I' 'I' 'I' 'I' 'I' 'I' 'I' 'I' 'I' 'I' 'I'
 'I' 'I' 'I' 'I' 'I' 'I' 'I' 'I' 'I' 'I' 'I' 'I' 'I' 'I' 'I' 'I' 'I' 'I'
 'I' 'I' 'I' 'I' 'I' 'I' 'I' 'I' 'I' 'I']","[[0.025 0.975 0.   ]
 [0.055 0.945 0.   ]
 [0.    1.    0.   ]
 ...
 [1.    0.    0.   ]
 [1.    0.    0.   ]
 [1.    0.    0.   ]]"
Paderborn,StratifiedKfold,Random Forest,3,"['N' 'N' 'N' 'N' 'N' 'N' 'N' 'N' 'N' 'N' 'N' 'N' 'N' 'N' 'N' 'N' 'N' 'N'
 'N' 'N' 'N' 'N' 'N' 'N' 'N' 'N' 'N' 'N' 'N' 'N' 'N' 'N' 'N' 'N' 'N' 'N'
 'N' 'N' 'N' 'N' 'N' 'N' 'N' 'N' 'N' 'N' 'N' 'N' 'N' 'N' 'N' 'N' 'N' 'N'
 'N' 'N' 'N' 'N' 'N' 'N' 'N' 'N' 'N' 'N' 'N' 'N' 'N' 'N' 'N' 'N' 'N' 'N'
 'N' 'N' 'N' 'N' 'N' 'N' 'N' 'N' 'N' 'N' 'N' 'N' 'N' 'N' 'N' 'N' 'N' 'N'
 'N' 'N' 'N' 'N' 'N' 'N' 'N' 'N' 'N' 'N' 'N' 'N' 'N' 'N' 'N' 'N' 'N' 'N'
 'N' 'N' 'N' 'N' 'N' 'N' 'N' 'N' 'N' 'N' 'N' 'N' 'N' 'N' 'N' 'N' 'N' 'N'
 'N' 'N' 'N' 'N' 'N' 'N' 'N' 'N' 'N' 'N' 'N' 'N' 'N' 'N' 'N' 'N' 'N' 'N'
 'N' 'N' 'N' 'N' 'N' 'N' 'N' 'N' 'N' 'N' 'N' 'N' 'N' 'N' 'N' 'N' 'N' 'N'
 'N' 'N' 'N' 'N' 'N' 'N' 'N' 'N' 'N' 'N' 'N' 'N' 'N' 'N' 'N' 'N' 'N' 'N'
 'N' 'N' 'N' 'N' 'N' 'N' 'N' 'N' 'N' 'N' 'N' 'N' 'N' 'N' 'N' 'N' 'N' 'N'
 'N' 'N' 'N' 'N' 'N' 'N' 'N' 'N' 'N' 'N' 'N' 'N' 'N' 'N' 'N' 'N' 'N' 'N'
 'N' 'N' 'N' 'N' 'N' 'N' 'N' 'N' 'N' 'N' 'N' 'N' 'N' 'N' 'N' 'N' 'N' 'N'
 'N' 'N' 'N' 'N' 'N' 'N' 'N' 'N' 'N' 'N' 'N' 'N' 'N' 'N' 'O' 'O' 'O' 'O'
 'O' 'O' 'O' 'O' 'O' 'O' 'O' 'O' 'O' 'O' 'O' 'O' 'O' 'O' 'O' 'O' 'O' 'O'
 'O' 'O' 'O' 'O' 'O' 'O' 'O' 'O' 'O' 'O' 'O' 'O' 'O' 'O' 'O' 'O' 'O' 'O'
 'O' 'O' 'O' 'O' 'O' 'O' 'O' 'O' 'O' 'O' 'O' 'O' 'O' 'O' 'O' 'O' 'O' 'O'
 'O' 'O' 'O' 'O' 'O' 'O' 'O' 'O' 'O' 'O' 'O' 'O' 'O' 'O' 'O' 'O' 'O' 'O'
 'O' 'O' 'O' 'O' 'O' 'O' 'O' 'O' 'O' 'O' 'O' 'O' 'O' 'O' 'O' 'O' 'O' 'O'
 'O' 'O' 'O' 'O' 'O' 'O' 'O' 'O' 'O' 'O' 'O' 'O' 'O' 'O' 'O' 'O' 'O' 'O'
 'O' 'O' 'O' 'O' 'O' 'O' 'O' 'O' 'O' 'O' 'O' 'O' 'O' 'O' 'O' 'O' 'O' 'O'
 'O' 'O' 'O' 'O' 'O' 'O' 'O' 'O' 'O' 'O' 'O' 'O' 'O' 'O' 'O' 'O' 'O' 'O'
 'O' 'O' 'O' 'O' 'O' 'O' 'O' 'O' 'O' 'O' 'O' 'O' 'O' 'O' 'O' 'O' 'O' 'O'
 'O' 'O' 'O' 'O' 'O' 'O' 'O' 'O' 'O' 'O' 'O' 'O' 'O' 'O' 'O' 'O' 'O' 'O'
 'O' 'O' 'O' 'O' 'O' 'O' 'O' 'O' 'O' 'O' 'O' 'O' 'O' 'O' 'O' 'O' 'O' 'O'
 'O' 'O' 'O' 'O' 'O' 'O' 'O' 'O' 'O' 'O' 'O' 'O' 'O' 'O' 'O' 'O' 'O' 'O'
 'O' 'O' 'O' 'O' 'O' 'O' 'O' 'O' 'O' 'O' 'O' 'O' 'O' 'O' 'O' 'O' 'O' 'O'
 'O' 'O' 'O' 'O' 'O' 'O' 'O' 'O' 'O' 'O' 'O' 'O' 'I' 'I' 'I' 'I' 'I' 'I'
 'I' 'I' 'I' 'I' 'I' 'I' 'I' 'I' 'I' 'I' 'I' 'I' 'I' 'I' 'I' 'I' 'I' 'I'
 'I' 'I' 'I' 'I' 'I' 'I' 'I' 'I' 'I' 'I' 'I' 'I' 'I' 'I' 'I' 'I' 'I' 'I'
 'I' 'I' 'I' 'I' 'I' 'I' 'I' 'I' 'I' 'I' 'I' 'I' 'I' 'I' 'I' 'I' 'I' 'I'
 'I' 'I' 'I' 'I' 'I' 'I' 'I' 'I' 'I' 'I' 'I' 'I' 'I' 'I' 'I' 'I' 'I' 'I'
 'I' 'I' 'I' 'I' 'I' 'I' 'I' 'I' 'I' 'I' 'I' 'I' 'I' 'I' 'I' 'I' 'I' 'I'
 'I' 'I' 'I' 'I' 'I' 'I' 'I' 'I' 'I' 'I' 'I' 'I' 'I' 'I' 'I' 'I' 'I' 'I'
 'I' 'I' 'I' 'I' 'I' 'I' 'I' 'I' 'I' 'I' 'I' 'I' 'I' 'I' 'I' 'I' 'I' 'I'
 'I' 'I' 'I' 'I' 'I' 'I' 'I' 'I' 'I' 'I' 'I' 'I' 'I' 'I' 'I' 'I' 'I' 'I'
 'I' 'I' 'I' 'I' 'I' 'I' 'I' 'I' 'I' 'I' 'I' 'I' 'I' 'I' 'I' 'I' 'I' 'I'
 'I' 'I' 'I' 'I' 'I' 'I' 'I' 'I' 'I' 'I' 'I' 'I' 'I' 'I' 'I' 'I' 'I' 'I'
 'I' 'I' 'I' 'I' 'I' 'I' 'I' 'I' 'I' 'I' 'I' 'I' 'I' 'I' 'I' 'I' 'I' 'I'
 'I' 'I' 'I' 'I' 'I' 'I' 'I' 'I' 'I' 'I' 'I' 'I' 'I' 'I' 'I' 'I' 'I' 'I'
 'I' 'I' 'I' 'I' 'I' 'I' 'I' 'I' 'I' 'I' 'I' 'I' 'I' 'I' 'I' 'I' 'I' 'I'
 'I' 'I' 'I' 'I' 'I' 'I' 'I' 'I' 'I']","['N' 'N' 'N' 'N' 'N' 'N' 'N' 'N' 'N' 'N' 'N' 'N' 'N' 'N' 'N' 'N' 'N' 'N'
 'N' 'N' 'N' 'N' 'O' 'N' 'N' 'N' 'N' 'N' 'N' 'N' 'N' 'N' 'N' 'N' 'N' 'N'
 'N' 'N' 'N' 'N' 'N' 'N' 'N' 'N' 'N' 'N' 'N' 'N' 'N' 'N' 'N' 'N' 'N' 'N'
 'N' 'N' 'N' 'N' 'N' 'N' 'N' 'N' 'N' 'N' 'N' 'N' 'N' 'N' 'N' 'N' 'N' 'N'
 'N' 'N' 'N' 'N' 'N' 'N' 'N' 'N' 'N' 'N' 'N' 'N' 'N' 'N' 'N' 'N' 'N' 'N'
 'N' 'N' 'N' 'N' 'N' 'N' 'N' 'N' 'N' 'N' 'N' 'N' 'N' 'N' 'N' 'N' 'N' 'N'
 'N' 'N' 'N' 'N' 'N' 'N' 'N' 'N' 'N' 'N' 'N' 'N' 'N' 'N' 'N' 'N' 'N' 'N'
 'N' 'N' 'N' 'N' 'N' 'N' 'N' 'N' 'N' 'N' 'N' 'N' 'N' 'N' 'N' 'N' 'N' 'N'
 'N' 'N' 'N' 'N' 'N' 'N' 'N' 'N' 'N' 'N' 'N' 'N' 'N' 'N' 'N' 'O' 'N' 'N'
 'N' 'N' 'N' 'N' 'N' 'N' 'N' 'N' 'N' 'N' 'N' 'N' 'N' 'N' 'N' 'N' 'N' 'N'
 'N' 'N' 'N' 'N' 'N' 'N' 'N' 'N' 'N' 'N' 'N' 'N' 'N' 'N' 'N' 'N' 'N' 'N'
 'N' 'N' 'N' 'N' 'N' 'N' 'N' 'N' 'N' 'N' 'N' 'N' 'N' 'N' 'N' 'N' 'N' 'N'
 'N' 'N' 'N' 'N' 'N' 'N' 'N' 'N' 'N' 'N' 'N' 'N' 'N' 'N' 'N' 'N' 'N' 'N'
 'N' 'N' 'N' 'N' 'N' 'N' 'N' 'N' 'N' 'N' 'N' 'N' 'N' 'N' 'O' 'O' 'O' 'O'
 'O' 'O' 'O' 'O' 'O' 'O' 'O' 'O' 'O' 'O' 'O' 'O' 'O' 'O' 'O' 'O' 'O' 'O'
 'O' 'O' 'O' 'O' 'O' 'O' 'O' 'O' 'O' 'O' 'O' 'O' 'O' 'O' 'O' 'O' 'O' 'O'
 'O' 'O' 'O' 'O' 'O' 'O' 'O' 'O' 'O' 'O' 'O' 'O' 'O' 'O' 'O' 'O' 'O' 'O'
 'O' 'O' 'O' 'O' 'O' 'O' 'O' 'O' 'O' 'O' 'O' 'O' 'O' 'O' 'O' 'O' 'O' 'O'
 'O' 'O' 'O' 'O' 'O' 'O' 'O' 'O' 'O' 'O' 'O' 'O' 'O' 'O' 'O' 'O' 'O' 'O'
 'O' 'O' 'O' 'O' 'O' 'O' 'O' 'O' 'O' 'O' 'O' 'O' 'O' 'O' 'O' 'O' 'O' 'O'
 'O' 'O' 'O' 'O' 'O' 'O' 'O' 'O' 'O' 'O' 'O' 'O' 'O' 'O' 'O' 'O' 'O' 'O'
 'O' 'O' 'O' 'O' 'O' 'O' 'O' 'O' 'O' 'O' 'O' 'O' 'O' 'O' 'O' 'O' 'O' 'O'
 'O' 'O' 'O' 'O' 'O' 'O' 'O' 'O' 'O' 'O' 'O' 'O' 'O' 'O' 'O' 'O' 'O' 'O'
 'O' 'O' 'O' 'O' 'O' 'O' 'O' 'O' 'O' 'O' 'O' 'O' 'O' 'O' 'O' 'O' 'O' 'O'
 'O' 'O' 'O' 'O' 'O' 'O' 'O' 'O' 'O' 'O' 'O' 'O' 'O' 'O' 'O' 'O' 'O' 'O'
 'O' 'O' 'O' 'O' 'O' 'O' 'O' 'O' 'O' 'O' 'O' 'O' 'O' 'O' 'O' 'O' 'O' 'O'
 'O' 'O' 'O' 'O' 'O' 'O' 'O' 'O' 'O' 'O' 'O' 'O' 'O' 'O' 'O' 'O' 'O' 'O'
 'O' 'O' 'O' 'O' 'O' 'O' 'O' 'O' 'O' 'O' 'O' 'O' 'I' 'I' 'I' 'I' 'I' 'I'
 'I' 'I' 'I' 'I' 'I' 'I' 'I' 'I' 'I' 'I' 'I' 'I' 'I' 'I' 'I' 'I' 'I' 'I'
 'I' 'I' 'I' 'I' 'I' 'I' 'I' 'I' 'I' 'I' 'I' 'I' 'I' 'I' 'I' 'I' 'I' 'I'
 'I' 'I' 'I' 'I' 'I' 'I' 'I' 'I' 'I' 'I' 'I' 'I' 'I' 'I' 'I' 'I' 'I' 'I'
 'I' 'I' 'I' 'I' 'I' 'I' 'I' 'I' 'I' 'I' 'I' 'I' 'I' 'I' 'I' 'I' 'I' 'I'
 'I' 'I' 'I' 'I' 'I' 'I' 'I' 'I' 'I' 'I' 'I' 'I' 'I' 'I' 'I' 'I' 'I' 'I'
 'I' 'I' 'I' 'I' 'I' 'I' 'I' 'I' 'I' 'I' 'I' 'I' 'I' 'I' 'I' 'I' 'I' 'I'
 'I' 'I' 'I' 'I' 'I' 'I' 'I' 'I' 'I' 'I' 'I' 'I' 'I' 'I' 'I' 'I' 'I' 'I'
 'I' 'I' 'I' 'I' 'I' 'I' 'I' 'I' 'I' 'I' 'I' 'I' 'I' 'I' 'I' 'I' 'I' 'I'
 'I' 'I' 'I' 'O' 'I' 'I' 'O' 'O' 'I' 'O' 'O' 'I' 'I' 'O' 'O' 'O' 'O' 'O'
 'I' 'I' 'I' 'I' 'O' 'I' 'O' 'O' 'O' 'O' 'I' 'O' 'O' 'I' 'I' 'I' 'O' 'O'
 'I' 'O' 'O' 'O' 'O' 'O' 'I' 'O' 'O' 'O' 'I' 'I' 'I' 'I' 'O' 'O' 'O' 'I'
 'O' 'I' 'I' 'O' 'I' 'O' 'O' 'I' 'O' 'O' 'O' 'O' 'I' 'O' 'O' 'I' 'I' 'O'
 'O' 'O' 'I' 'O' 'I' 'O' 'O' 'O' 'I' 'O' 'O' 'I' 'I' 'I' 'O' 'O' 'I' 'I'
 'I' 'O' 'O' 'O' 'I' 'O' 'O' 'O' 'O']","[[0.   1.   0.  ]
 [0.   1.   0.  ]
 [0.   1.   0.  ]
 ...
 [0.34 0.28 0.38]
 [0.3  0.34 0.36]
 [0.34 0.28 0.38]]"
Paderborn,GroupKfold,K-Nearest Neighbors,1,"['N', 'N', 'N', 'N', 'N', 'N', 'N', 'N', 'N', 'N', 'N', 'N', 'N', 'N', 'N', 'N', 'N', 'N', 'N', 'N', 'N', 'N', 'N', 'N', 'N', 'N', 'N', 'N', 'N', 'N', 'N', 'N', 'N', 'N', 'N', 'N', 'N', 'N', 'N', 'N', 'N', 'N', 'N', 'N', 'N', 'N', 'N', 'N', 'N', 'N', 'N', 'N', 'N', 'N', 'N', 'N', 'N', 'N', 'N', 'N', 'N', 'N', 'N', 'N', 'N', 'N', 'N', 'N', 'N', 'N', 'N', 'N', 'N', 'N', 'N', 'N', 'N', 'N', 'N', 'N', 'N', 'N', 'N', 'N', 'N', 'N', 'N', 'N', 'N', 'N', 'N', 'N', 'N', 'N', 'N', 'N', 'N', 'N', 'N', 'N', 'N', 'N', 'N', 'N', 'N', 'N', 'N', 'N', 'N', 'N', 'N', 'N', 'N', 'N', 'N', 'N', 'N', 'N', 'N', 'N', 'N', 'N', 'N', 'N', 'N', 'N', 'N', 'N', 'N', 'N', 'N', 'N', 'N', 'N', 'N', 'N', 'N', 'N', 'N', 'N', 'N', 'N', 'N', 'N', 'N', 'N', 'N', 'N', 'N', 'N', 'N', 'N', 'N', 'N', 'N', 'N', 'N', 'N', 'N', 'N', 'N', 'N', 'N', 'N', 'N', 'N', 'N', 'N', 'N', 'N', 'N', 'N', 'N', 'N', 'N', 'N', 'N', 'N', 'N', 'N', 'N', 'N', 'N', 'N', 'N', 'N', 'N', 'N', 'N', 'N', 'N', 'N', 'N', 'N', 'N', 'N', 'N', 'N', 'N', 'N', 'N', 'N', 'N', 'N', 'N', 'N', 'N', 'N', 'N', 'N', 'N', 'N', 'N', 'N', 'N', 'N', 'N', 'N', 'N', 'N', 'N', 'N', 'N', 'N', 'N', 'N', 'N', 'N', 'N', 'N', 'N', 'N', 'N', 'N', 'N', 'N', 'N', 'N', 'N', 'N', 'N', 'N', 'N', 'N', 'N', 'N', 'N', 'N', 'O', 'O', 'O', 'O', 'O', 'O', 'O', 'O', 'O', 'O', 'O', 'O', 'O', 'O', 'O', 'O', 'O', 'O', 'O', 'O', 'O', 'O', 'O', 'O', 'O', 'O', 'O', 'O', 'O', 'O', 'O', 'O', 'O', 'O', 'O', 'O', 'O', 'O', 'O', 'O', 'O', 'O', 'O', 'O', 'O', 'O', 'O', 'O', 'O', 'O', 'O', 'O', 'O', 'O', 'O', 'O', 'O', 'O', 'O', 'O', 'O', 'O', 'O', 'O', 'O', 'O', 'O', 'O', 'O', 'O', 'O', 'O', 'O', 'O', 'O', 'O', 'O', 'O', 'O', 'O', 'O', 'O', 'O', 'O', 'O', 'O', 'O', 'O', 'O', 'O', 'O', 'O', 'O', 'O', 'O', 'O', 'O', 'O', 'O', 'O', 'O', 'O', 'O', 'O', 'O', 'O', 'O', 'O', 'O', 'O', 'O', 'O', 'O', 'O', 'O', 'O', 'O', 'O', 'O', 'O', 'O', 'O', 'O', 'O', 'O', 'O', 'O', 'O', 'O', 'O', 'O', 'O', 'O', 'O', 'O', 'O', 'O', 'O', 'O', 'O', 'O', 'O', 'O', 'O', 'O', 'O', 'O', 'O', 'O', 'O', 'O', 'O', 'O', 'O', 'O', 'O', 'O', 'O', 'O', 'O', 'O', 'O', 'O', 'O', 'O', 'O', 'O', 'O', 'O', 'O', 'O', 'O', 'O', 'O', 'O', 'O', 'O', 'O', 'O', 'O', 'O', 'O', 'O', 'O', 'O', 'O', 'O', 'O', 'O', 'O', 'O', 'O', 'O', 'O', 'O', 'O', 'O', 'O', 'O', 'O', 'O', 'O', 'O', 'O', 'O', 'O', 'O', 'O', 'O', 'O', 'O', 'O', 'O', 'O', 'O', 'O', 'O', 'O', 'O', 'O', 'O', 'O', 'O', 'O', 'O', 'O', 'O', 'O', 'O', 'O', 'O', 'O', 'O', 'O', 'O', 'O', 'O', 'O', 'O', 'O', 'O', 'O', 'O', 'O', 'O', 'O', 'O', 'O', 'O', 'O', 'O', 'O', 'O', 'O', 'O', 'O', 'I', 'I', 'I', 'I', 'I', 'I', 'I', 'I', 'I', 'I', 'I', 'I', 'I', 'I', 'I', 'I', 'I', 'I', 'I', 'I', 'I', 'I', 'I', 'I', 'I', 'I', 'I', 'I', 'I', 'I', 'I', 'I', 'I', 'I', 'I', 'I', 'I', 'I', 'I', 'I', 'I', 'I', 'I', 'I', 'I', 'I', 'I', 'I', 'I', 'I', 'I', 'I', 'I', 'I', 'I', 'I', 'I', 'I', 'I', 'I', 'I', 'I', 'I', 'I', 'I', 'I', 'I', 'I', 'I', 'I', 'I', 'I', 'I', 'I', 'I', 'I', 'I', 'I', 'I', 'I', 'I', 'I', 'I', 'I', 'I', 'I', 'I', 'I', 'I', 'I', 'I', 'I', 'I', 'I', 'I', 'I', 'I', 'I', 'I', 'I', 'I', 'I', 'I', 'I', 'I', 'I', 'I', 'I', 'I', 'I', 'I', 'I', 'I', 'I', 'I', 'I', 'I', 'I', 'I', 'I', 'I', 'I', 'I', 'I', 'I', 'I', 'I', 'I', 'I', 'I', 'I', 'I', 'I', 'I', 'I', 'I', 'I', 'I', 'I', 'I', 'I', 'I', 'I', 'I', 'I', 'I', 'I', 'I', 'I', 'I', 'I', 'I', 'I', 'I', 'I', 'I', 'I', 'I', 'I', 'I', 'I', 'I', 'I', 'I', 'I', 'I', 'I', 'I', 'I', 'I', 'I', 'I', 'I', 'I', 'I', 'I', 'I', 'I', 'I', 'I', 'I', 'I', 'I', 'I', 'I', 'I', 'I', 'I', 'I', 'I', 'I', 'I', 'I', 'I', 'I', 'I', 'I', 'I', 'I', 'I', 'I', 'I', 'I', 'I', 'I', 'I', 'I', 'I', 'I', 'I', 'I', 'I', 'I', 'I', 'I', 'I', 'I', 'I', 'I', 'I', 'I', 'I', 'I', 'I', 'I', 'I', 'I', 'I', 'I', 'I', 'I', 'I', 'I', 'I', 'I', 'I', 'I', 'I', 'I', 'I', 'I', 'I', 'I', 'I', 'I', 'I', 'I', 'I', 'I', 'I', 'I']","['N' 'N' 'N' 'N' 'N' 'N' 'N' 'N' 'N' 'N' 'N' 'N' 'N' 'N' 'N' 'N' 'N' 'N'
 'N' 'N' 'N' 'N' 'N' 'N' 'N' 'N' 'N' 'N' 'N' 'N' 'N' 'N' 'N' 'N' 'N' 'N'
 'N' 'N' 'N' 'N' 'N' 'N' 'N' 'N' 'N' 'N' 'N' 'N' 'N' 'N' 'N' 'N' 'N' 'N'
 'N' 'N' 'N' 'N' 'N' 'N' 'N' 'N' 'N' 'N' 'N' 'N' 'N' 'N' 'N' 'N' 'N' 'N'
 'N' 'N' 'N' 'N' 'N' 'N' 'N' 'N' 'N' 'N' 'N' 'N' 'N' 'N' 'N' 'N' 'N' 'N'
 'N' 'N' 'N' 'N' 'N' 'N' 'N' 'N' 'N' 'N' 'N' 'N' 'N' 'N' 'N' 'N' 'N' 'N'
 'N' 'N' 'N' 'N' 'N' 'N' 'N' 'N' 'N' 'N' 'N' 'N' 'N' 'N' 'N' 'N' 'N' 'N'
 'N' 'N' 'N' 'N' 'N' 'N' 'N' 'N' 'N' 'N' 'N' 'N' 'N' 'N' 'N' 'N' 'N' 'N'
 'N' 'N' 'N' 'N' 'N' 'N' 'N' 'N' 'N' 'N' 'N' 'N' 'N' 'N' 'N' 'N' 'N' 'N'
 'N' 'N' 'N' 'N' 'N' 'N' 'N' 'N' 'N' 'N' 'N' 'N' 'N' 'N' 'N' 'N' 'N' 'N'
 'N' 'N' 'N' 'N' 'N' 'N' 'N' 'N' 'N' 'N' 'N' 'N' 'N' 'N' 'N' 'N' 'N' 'N'
 'N' 'N' 'N' 'N' 'N' 'N' 'N' 'N' 'N' 'N' 'N' 'N' 'N' 'N' 'N' 'N' 'N' 'N'
 'N' 'N' 'N' 'N' 'N' 'N' 'N' 'N' 'N' 'N' 'N' 'N' 'N' 'N' 'N' 'N' 'N' 'N'
 'N' 'N' 'N' 'N' 'N' 'N' 'N' 'N' 'N' 'N' 'N' 'N' 'N' 'N' 'O' 'O' 'O' 'O'
 'O' 'O' 'O' 'O' 'O' 'O' 'O' 'O' 'O' 'O' 'O' 'O' 'O' 'O' 'O' 'O' 'O' 'O'
 'O' 'O' 'O' 'O' 'O' 'O' 'O' 'O' 'O' 'O' 'O' 'O' 'O' 'O' 'O' 'O' 'O' 'O'
 'O' 'O' 'O' 'O' 'O' 'O' 'O' 'O' 'O' 'O' 'O' 'O' 'O' 'O' 'O' 'O' 'O' 'O'
 'O' 'O' 'O' 'O' 'O' 'O' 'O' 'O' 'O' 'O' 'O' 'O' 'O' 'O' 'O' 'O' 'O' 'O'
 'O' 'O' 'O' 'O' 'O' 'O' 'O' 'O' 'O' 'O' 'O' 'O' 'O' 'O' 'O' 'O' 'O' 'N'
 'N' 'N' 'N' 'N' 'N' 'N' 'N' 'N' 'N' 'N' 'N' 'N' 'N' 'N' 'N' 'N' 'N' 'N'
 'N' 'N' 'N' 'N' 'N' 'N' 'N' 'N' 'N' 'N' 'N' 'N' 'N' 'N' 'N' 'N' 'N' 'N'
 'N' 'N' 'N' 'N' 'N' 'N' 'N' 'N' 'N' 'N' 'N' 'N' 'N' 'N' 'N' 'N' 'N' 'N'
 'N' 'N' 'N' 'N' 'N' 'N' 'N' 'N' 'N' 'N' 'N' 'N' 'N' 'N' 'N' 'N' 'N' 'N'
 'N' 'N' 'N' 'N' 'N' 'N' 'N' 'N' 'N' 'N' 'N' 'N' 'N' 'N' 'N' 'N' 'N' 'N'
 'N' 'N' 'O' 'O' 'O' 'O' 'O' 'O' 'O' 'O' 'O' 'O' 'O' 'O' 'O' 'O' 'O' 'O'
 'O' 'O' 'O' 'O' 'O' 'O' 'O' 'O' 'O' 'O' 'O' 'O' 'O' 'O' 'O' 'O' 'O' 'O'
 'O' 'O' 'O' 'O' 'O' 'O' 'O' 'O' 'O' 'O' 'O' 'O' 'O' 'O' 'O' 'O' 'O' 'O'
 'O' 'O' 'O' 'O' 'O' 'O' 'O' 'O' 'O' 'O' 'O' 'O' 'O' 'O' 'O' 'O' 'O' 'O'
 'I' 'I' 'I' 'I' 'I' 'I' 'I' 'I' 'I' 'I' 'I' 'I' 'I' 'I' 'I' 'I' 'I' 'I'
 'I' 'I' 'I' 'I' 'I' 'I' 'I' 'I' 'I' 'I' 'I' 'I' 'I' 'I' 'I' 'I' 'I' 'I'
 'I' 'I' 'I' 'I' 'I' 'I' 'I' 'I' 'I' 'I' 'I' 'I' 'I' 'I' 'I' 'I' 'I' 'I'
 'I' 'I' 'I' 'I' 'I' 'I' 'I' 'I' 'I' 'I' 'I' 'I' 'I' 'I' 'I' 'I' 'I' 'I'
 'I' 'I' 'I' 'I' 'I' 'I' 'I' 'I' 'I' 'I' 'I' 'I' 'I' 'I' 'I' 'I' 'I' 'I'
 'I' 'I' 'I' 'N' 'N' 'N' 'N' 'N' 'N' 'N' 'N' 'N' 'N' 'N' 'N' 'N' 'N' 'N'
 'N' 'N' 'N' 'N' 'N' 'N' 'N' 'N' 'N' 'N' 'N' 'N' 'N' 'N' 'N' 'N' 'N' 'N'
 'N' 'N' 'N' 'N' 'N' 'N' 'N' 'N' 'N' 'N' 'N' 'N' 'N' 'N' 'N' 'N' 'N' 'N'
 'N' 'N' 'N' 'N' 'N' 'N' 'N' 'N' 'N' 'N' 'N' 'N' 'N' 'N' 'N' 'N' 'N' 'N'
 'N' 'N' 'N' 'N' 'N' 'N' 'N' 'N' 'N' 'N' 'N' 'N' 'N' 'N' 'N' 'N' 'N' 'N'
 'N' 'N' 'N' 'N' 'N' 'N' 'I' 'I' 'I' 'I' 'I' 'I' 'I' 'I' 'I' 'I' 'I' 'I'
 'I' 'I' 'I' 'I' 'I' 'I' 'I' 'I' 'I' 'I' 'I' 'I' 'I' 'I' 'I' 'I' 'I' 'I'
 'I' 'I' 'I' 'I' 'I' 'I' 'I' 'I' 'I' 'I' 'I' 'I' 'I' 'I' 'I' 'I' 'I' 'I'
 'I' 'I' 'I' 'I' 'I' 'I' 'I' 'I' 'I' 'I' 'I' 'I' 'I' 'I' 'I' 'I' 'I']","[[0. 1. 0.]
 [0. 1. 0.]
 [0. 1. 0.]
 ...
 [1. 0. 0.]
 [1. 0. 0.]
 [1. 0. 0.]]"
Paderborn,GroupKfold,K-Nearest Neighbors,2,"['N', 'N', 'N', 'N', 'N', 'N', 'N', 'N', 'N', 'N', 'N', 'N', 'N', 'N', 'N', 'N', 'N', 'N', 'N', 'N', 'N', 'N', 'N', 'N', 'N', 'N', 'N', 'N', 'N', 'N', 'N', 'N', 'N', 'N', 'N', 'N', 'N', 'N', 'N', 'N', 'N', 'N', 'N', 'N', 'N', 'N', 'N', 'N', 'N', 'N', 'N', 'N', 'N', 'N', 'N', 'N', 'N', 'N', 'N', 'N', 'N', 'N', 'N', 'N', 'N', 'N', 'N', 'N', 'N', 'N', 'N', 'N', 'N', 'N', 'N', 'N', 'N', 'N', 'N', 'N', 'N', 'N', 'N', 'N', 'N', 'N', 'N', 'N', 'N', 'N', 'N', 'N', 'N', 'N', 'N', 'N', 'N', 'N', 'N', 'N', 'N', 'N', 'N', 'N', 'N', 'N', 'N', 'N', 'N', 'N', 'N', 'N', 'N', 'N', 'N', 'N', 'N', 'N', 'N', 'N', 'N', 'N', 'N', 'N', 'N', 'N', 'N', 'N', 'N', 'N', 'N', 'N', 'N', 'N', 'N', 'N', 'N', 'N', 'N', 'N', 'N', 'N', 'N', 'N', 'N', 'N', 'N', 'N', 'N', 'N', 'N', 'N', 'N', 'N', 'N', 'N', 'N', 'N', 'N', 'N', 'N', 'N', 'N', 'N', 'N', 'N', 'N', 'N', 'N', 'N', 'N', 'N', 'N', 'N', 'N', 'N', 'N', 'N', 'N', 'N', 'N', 'N', 'N', 'N', 'N', 'N', 'N', 'N', 'N', 'N', 'N', 'N', 'N', 'N', 'N', 'N', 'N', 'N', 'N', 'N', 'N', 'N', 'N', 'N', 'N', 'N', 'N', 'N', 'N', 'N', 'N', 'N', 'N', 'N', 'N', 'N', 'N', 'N', 'N', 'N', 'N', 'N', 'N', 'N', 'N', 'N', 'N', 'N', 'N', 'N', 'N', 'N', 'N', 'N', 'N', 'N', 'N', 'N', 'N', 'N', 'N', 'N', 'N', 'N', 'N', 'N', 'N', 'N', 'O', 'O', 'O', 'O', 'O', 'O', 'O', 'O', 'O', 'O', 'O', 'O', 'O', 'O', 'O', 'O', 'O', 'O', 'O', 'O', 'O', 'O', 'O', 'O', 'O', 'O', 'O', 'O', 'O', 'O', 'O', 'O', 'O', 'O', 'O', 'O', 'O', 'O', 'O', 'O', 'O', 'O', 'O', 'O', 'O', 'O', 'O', 'O', 'O', 'O', 'O', 'O', 'O', 'O', 'O', 'O', 'O', 'O', 'O', 'O', 'O', 'O', 'O', 'O', 'O', 'O', 'O', 'O', 'O', 'O', 'O', 'O', 'O', 'O', 'O', 'O', 'O', 'O', 'O', 'O', 'O', 'O', 'O', 'O', 'O', 'O', 'O', 'O', 'O', 'O', 'O', 'O', 'O', 'O', 'O', 'O', 'O', 'O', 'O', 'O', 'O', 'O', 'O', 'O', 'O', 'O', 'O', 'O', 'O', 'O', 'O', 'O', 'O', 'O', 'O', 'O', 'O', 'O', 'O', 'O', 'O', 'O', 'O', 'O', 'O', 'O', 'O', 'O', 'O', 'O', 'O', 'O', 'O', 'O', 'O', 'O', 'O', 'O', 'O', 'O', 'O', 'O', 'O', 'O', 'O', 'O', 'O', 'O', 'O', 'O', 'O', 'O', 'O', 'O', 'O', 'O', 'O', 'O', 'O', 'O', 'O', 'O', 'O', 'O', 'O', 'O', 'O', 'O', 'O', 'O', 'O', 'O', 'O', 'O', 'O', 'O', 'O', 'O', 'O', 'O', 'O', 'O', 'O', 'O', 'O', 'O', 'O', 'O', 'O', 'O', 'O', 'O', 'O', 'O', 'O', 'O', 'O', 'O', 'O', 'O', 'O', 'O', 'O', 'O', 'O', 'O', 'O', 'O', 'O', 'O', 'O', 'O', 'O', 'O', 'O', 'O', 'O', 'O', 'O', 'O', 'O', 'O', 'O', 'O', 'O', 'O', 'O', 'O', 'O', 'O', 'O', 'O', 'O', 'O', 'O', 'O', 'O', 'O', 'O', 'O', 'O', 'O', 'O', 'O', 'O', 'O', 'O', 'O', 'I', 'I', 'I', 'I', 'I', 'I', 'I', 'I', 'I', 'I', 'I', 'I', 'I', 'I', 'I', 'I', 'I', 'I', 'I', 'I', 'I', 'I', 'I', 'I', 'I', 'I', 'I', 'I', 'I', 'I', 'I', 'I', 'I', 'I', 'I', 'I', 'I', 'I', 'I', 'I', 'I', 'I', 'I', 'I', 'I', 'I', 'I', 'I', 'I', 'I', 'I', 'I', 'I', 'I', 'I', 'I', 'I', 'I', 'I', 'I', 'I', 'I', 'I', 'I', 'I', 'I', 'I', 'I', 'I', 'I', 'I', 'I', 'I', 'I', 'I', 'I', 'I', 'I', 'I', 'I', 'I', 'I', 'I', 'I', 'I', 'I', 'I', 'I', 'I', 'I', 'I', 'I', 'I', 'I', 'I', 'I', 'I', 'I', 'I', 'I', 'I', 'I', 'I', 'I', 'I', 'I', 'I', 'I', 'I', 'I', 'I', 'I', 'I', 'I', 'I', 'I', 'I', 'I', 'I', 'I', 'I', 'I', 'I', 'I', 'I', 'I', 'I', 'I', 'I', 'I', 'I', 'I', 'I', 'I', 'I', 'I', 'I', 'I', 'I', 'I', 'I', 'I', 'I', 'I', 'I', 'I', 'I', 'I', 'I', 'I', 'I', 'I', 'I', 'I', 'I', 'I', 'I', 'I', 'I', 'I', 'I', 'I', 'I', 'I', 'I', 'I', 'I', 'I', 'I', 'I', 'I', 'I', 'I', 'I', 'I', 'I', 'I', 'I', 'I', 'I', 'I', 'I', 'I', 'I', 'I', 'I', 'I', 'I', 'I', 'I', 'I', 'I', 'I', 'I', 'I', 'I', 'I', 'I', 'I', 'I', 'I', 'I', 'I', 'I', 'I', 'I', 'I', 'I', 'I', 'I', 'I', 'I', 'I', 'I', 'I', 'I', 'I', 'I', 'I', 'I', 'I', 'I', 'I', 'I', 'I', 'I', 'I', 'I', 'I', 'I', 'I', 'I', 'I', 'I', 'I', 'I', 'I', 'I', 'I', 'I', 'I', 'I', 'I', 'I', 'I', 'I', 'I', 'I', 'I', 'I', 'I', 'I', 'I', 'I', 'I', 'I', 'I', 'I', 'I']","['N' 'N' 'N' 'N' 'N' 'N' 'N' 'N' 'N' 'N' 'N' 'N' 'N' 'N' 'N' 'N' 'N' 'N'
 'N' 'N' 'N' 'N' 'N' 'N' 'N' 'N' 'N' 'N' 'N' 'N' 'N' 'N' 'N' 'N' 'N' 'N'
 'N' 'N' 'N' 'N' 'N' 'N' 'N' 'N' 'N' 'N' 'N' 'N' 'N' 'N' 'N' 'N' 'N' 'N'
 'N' 'N' 'N' 'N' 'N' 'N' 'N' 'N' 'N' 'N' 'N' 'N' 'N' 'N' 'N' 'N' 'N' 'N'
 'N' 'N' 'N' 'N' 'N' 'N' 'N' 'N' 'N' 'N' 'N' 'N' 'N' 'N' 'N' 'N' 'N' 'N'
 'N' 'N' 'N' 'N' 'N' 'N' 'N' 'N' 'N' 'N' 'N' 'N' 'N' 'N' 'N' 'N' 'N' 'N'
 'N' 'N' 'N' 'N' 'N' 'N' 'N' 'N' 'N' 'N' 'N' 'N' 'N' 'N' 'N' 'N' 'N' 'N'
 'N' 'N' 'N' 'N' 'N' 'N' 'N' 'N' 'N' 'N' 'N' 'N' 'N' 'N' 'N' 'N' 'N' 'N'
 'N' 'N' 'N' 'N' 'N' 'N' 'N' 'N' 'N' 'N' 'N' 'N' 'N' 'N' 'N' 'N' 'N' 'N'
 'N' 'N' 'N' 'N' 'N' 'N' 'N' 'N' 'N' 'N' 'N' 'N' 'N' 'N' 'N' 'N' 'N' 'N'
 'N' 'N' 'N' 'N' 'N' 'N' 'N' 'N' 'N' 'N' 'N' 'N' 'N' 'N' 'N' 'N' 'N' 'N'
 'N' 'N' 'N' 'N' 'N' 'N' 'N' 'N' 'N' 'N' 'N' 'N' 'N' 'N' 'N' 'N' 'N' 'N'
 'N' 'N' 'N' 'N' 'N' 'N' 'N' 'N' 'N' 'N' 'N' 'N' 'N' 'N' 'N' 'N' 'N' 'N'
 'N' 'N' 'N' 'N' 'N' 'N' 'N' 'N' 'N' 'N' 'N' 'N' 'N' 'N' 'O' 'O' 'O' 'O'
 'O' 'O' 'O' 'O' 'O' 'O' 'O' 'O' 'O' 'O' 'O' 'O' 'O' 'O' 'O' 'O' 'O' 'O'
 'O' 'O' 'O' 'O' 'O' 'O' 'O' 'O' 'O' 'I' 'O' 'I' 'I' 'I' 'I' 'I' 'I' 'I'
 'I' 'I' 'I' 'I' 'I' 'I' 'I' 'O' 'I' 'I' 'I' 'I' 'O' 'I' 'I' 'I' 'I' 'I'
 'I' 'I' 'I' 'I' 'O' 'I' 'O' 'I' 'I' 'I' 'I' 'O' 'I' 'I' 'I' 'I' 'I' 'I'
 'I' 'I' 'I' 'I' 'I' 'I' 'I' 'O' 'I' 'I' 'I' 'O' 'I' 'I' 'I' 'O' 'O' 'I'
 'I' 'I' 'I' 'I' 'I' 'I' 'I' 'I' 'I' 'O' 'I' 'O' 'I' 'O' 'I' 'I' 'I' 'I'
 'O' 'I' 'I' 'I' 'O' 'I' 'I' 'I' 'I' 'I' 'O' 'I' 'O' 'O' 'O' 'O' 'O' 'O'
 'O' 'O' 'O' 'O' 'O' 'O' 'O' 'O' 'O' 'O' 'O' 'O' 'O' 'O' 'O' 'O' 'O' 'O'
 'O' 'O' 'O' 'O' 'O' 'O' 'O' 'O' 'O' 'O' 'O' 'O' 'O' 'O' 'O' 'O' 'O' 'O'
 'O' 'O' 'O' 'O' 'O' 'O' 'O' 'O' 'O' 'O' 'O' 'O' 'O' 'O' 'O' 'O' 'O' 'O'
 'O' 'O' 'O' 'O' 'O' 'O' 'O' 'O' 'O' 'O' 'O' 'O' 'O' 'O' 'O' 'O' 'O' 'O'
 'O' 'O' 'O' 'O' 'O' 'O' 'O' 'O' 'O' 'O' 'O' 'O' 'O' 'O' 'O' 'O' 'O' 'O'
 'O' 'O' 'O' 'O' 'O' 'O' 'O' 'O' 'O' 'O' 'O' 'O' 'O' 'O' 'O' 'O' 'O' 'O'
 'O' 'O' 'O' 'O' 'O' 'O' 'O' 'O' 'O' 'O' 'I' 'I' 'I' 'I' 'I' 'I' 'I' 'I'
 'I' 'I' 'I' 'I' 'I' 'I' 'I' 'I' 'I' 'I' 'I' 'I' 'I' 'I' 'I' 'I' 'I' 'I'
 'I' 'I' 'I' 'I' 'I' 'I' 'I' 'I' 'I' 'I' 'I' 'I' 'I' 'N' 'I' 'I' 'I' 'I'
 'I' 'I' 'I' 'I' 'I' 'I' 'N' 'I' 'I' 'I' 'I' 'N' 'I' 'I' 'I' 'I' 'I' 'N'
 'I' 'I' 'I' 'I' 'N' 'I' 'I' 'I' 'I' 'N' 'I' 'I' 'I' 'I' 'N' 'I' 'I' 'I'
 'I' 'I' 'I' 'I' 'I' 'I' 'I' 'N' 'I' 'I' 'I' 'I' 'I' 'I' 'I' 'I' 'I' 'I'
 'N' 'I' 'I' 'I' 'I' 'I' 'I' 'I' 'I' 'I' 'I' 'I' 'I' 'I' 'N' 'I' 'I' 'I'
 'I' 'N' 'I' 'I' 'I' 'I' 'I' 'I' 'I' 'I' 'I' 'I' 'I' 'I' 'I' 'I' 'I' 'I'
 'I' 'I' 'I' 'I' 'I' 'I' 'I' 'I' 'I' 'I' 'I' 'I' 'I' 'I' 'I' 'I' 'I' 'I'
 'I' 'I' 'I' 'I' 'I' 'I' 'I' 'I' 'I' 'I' 'I' 'I' 'I' 'I' 'I' 'I' 'I' 'I'
 'I' 'I' 'I' 'I' 'I' 'I' 'I' 'I' 'I' 'I' 'I' 'I' 'I' 'I' 'I' 'I' 'I' 'I'
 'I' 'I' 'I' 'I' 'I' 'I' 'I' 'I' 'I' 'I' 'I' 'I' 'I' 'I' 'I' 'I' 'I' 'I'
 'I' 'I' 'I' 'I' 'I' 'I' 'I' 'I' 'I' 'I' 'I' 'I' 'I' 'I' 'I' 'I' 'I' 'I'
 'I' 'I' 'I' 'I' 'I' 'I' 'I' 'I' 'I' 'I' 'I' 'I' 'I' 'I' 'I' 'I' 'I' 'I'
 'I' 'I' 'I' 'I' 'I' 'I' 'I' 'I' 'I' 'I' 'I' 'I' 'I' 'I' 'I' 'I' 'I']","[[0. 1. 0.]
 [0. 1. 0.]
 [0. 1. 0.]
 ...
 [1. 0. 0.]
 [1. 0. 0.]
 [1. 0. 0.]]"
Paderborn,GroupKfold,K-Nearest Neighbors,3,"['N', 'N', 'N', 'N', 'N', 'N', 'N', 'N', 'N', 'N', 'N', 'N', 'N', 'N', 'N', 'N', 'N', 'N', 'N', 'N', 'N', 'N', 'N', 'N', 'N', 'N', 'N', 'N', 'N', 'N', 'N', 'N', 'N', 'N', 'N', 'N', 'N', 'N', 'N', 'N', 'N', 'N', 'N', 'N', 'N', 'N', 'N', 'N', 'N', 'N', 'N', 'N', 'N', 'N', 'N', 'N', 'N', 'N', 'N', 'N', 'N', 'N', 'N', 'N', 'N', 'N', 'N', 'N', 'N', 'N', 'N', 'N', 'N', 'N', 'N', 'N', 'N', 'N', 'N', 'N', 'N', 'N', 'N', 'N', 'N', 'N', 'N', 'N', 'N', 'N', 'N', 'N', 'N', 'N', 'N', 'N', 'N', 'N', 'N', 'N', 'N', 'N', 'N', 'N', 'N', 'N', 'N', 'N', 'N', 'N', 'N', 'N', 'N', 'N', 'N', 'N', 'N', 'N', 'N', 'N', 'N', 'N', 'N', 'N', 'N', 'N', 'N', 'N', 'N', 'N', 'N', 'N', 'N', 'N', 'N', 'N', 'N', 'N', 'N', 'N', 'N', 'N', 'N', 'N', 'N', 'N', 'N', 'N', 'N', 'N', 'N', 'N', 'N', 'N', 'N', 'N', 'N', 'N', 'N', 'N', 'N', 'N', 'N', 'N', 'N', 'N', 'N', 'N', 'N', 'N', 'N', 'N', 'N', 'N', 'N', 'N', 'N', 'N', 'N', 'N', 'N', 'N', 'N', 'N', 'N', 'N', 'N', 'N', 'N', 'N', 'N', 'N', 'N', 'N', 'N', 'N', 'N', 'N', 'N', 'N', 'N', 'N', 'N', 'N', 'N', 'N', 'N', 'N', 'N', 'N', 'N', 'N', 'N', 'N', 'N', 'N', 'N', 'N', 'N', 'N', 'N', 'N', 'N', 'N', 'N', 'N', 'N', 'N', 'N', 'N', 'N', 'N', 'N', 'N', 'N', 'N', 'N', 'N', 'N', 'N', 'N', 'N', 'N', 'N', 'N', 'N', 'N', 'N', 'O', 'O', 'O', 'O', 'O', 'O', 'O', 'O', 'O', 'O', 'O', 'O', 'O', 'O', 'O', 'O', 'O', 'O', 'O', 'O', 'O', 'O', 'O', 'O', 'O', 'O', 'O', 'O', 'O', 'O', 'O', 'O', 'O', 'O', 'O', 'O', 'O', 'O', 'O', 'O', 'O', 'O', 'O', 'O', 'O', 'O', 'O', 'O', 'O', 'O', 'O', 'O', 'O', 'O', 'O', 'O', 'O', 'O', 'O', 'O', 'O', 'O', 'O', 'O', 'O', 'O', 'O', 'O', 'O', 'O', 'O', 'O', 'O', 'O', 'O', 'O', 'O', 'O', 'O', 'O', 'O', 'O', 'O', 'O', 'O', 'O', 'O', 'O', 'O', 'O', 'O', 'O', 'O', 'O', 'O', 'O', 'O', 'O', 'O', 'O', 'O', 'O', 'O', 'O', 'O', 'O', 'O', 'O', 'O', 'O', 'O', 'O', 'O', 'O', 'O', 'O', 'O', 'O', 'O', 'O', 'O', 'O', 'O', 'O', 'O', 'O', 'O', 'O', 'O', 'O', 'O', 'O', 'O', 'O', 'O', 'O', 'O', 'O', 'O', 'O', 'O', 'O', 'O', 'O', 'O', 'O', 'O', 'O', 'O', 'O', 'O', 'O', 'O', 'O', 'O', 'O', 'O', 'O', 'O', 'O', 'O', 'O', 'O', 'O', 'O', 'O', 'O', 'O', 'O', 'O', 'O', 'O', 'O', 'O', 'O', 'O', 'O', 'O', 'O', 'O', 'O', 'O', 'O', 'O', 'O', 'O', 'O', 'O', 'O', 'O', 'O', 'O', 'O', 'O', 'O', 'O', 'O', 'O', 'O', 'O', 'O', 'O', 'O', 'O', 'O', 'O', 'O', 'O', 'O', 'O', 'O', 'O', 'O', 'O', 'O', 'O', 'O', 'O', 'O', 'O', 'O', 'O', 'O', 'O', 'O', 'O', 'O', 'O', 'O', 'O', 'O', 'O', 'O', 'O', 'O', 'O', 'O', 'O', 'O', 'O', 'O', 'O', 'O', 'O', 'O', 'O', 'O', 'O', 'I', 'I', 'I', 'I', 'I', 'I', 'I', 'I', 'I', 'I', 'I', 'I', 'I', 'I', 'I', 'I', 'I', 'I', 'I', 'I', 'I', 'I', 'I', 'I', 'I', 'I', 'I', 'I', 'I', 'I', 'I', 'I', 'I', 'I', 'I', 'I', 'I', 'I', 'I', 'I', 'I', 'I', 'I', 'I', 'I', 'I', 'I', 'I', 'I', 'I', 'I', 'I', 'I', 'I', 'I', 'I', 'I', 'I', 'I', 'I', 'I', 'I', 'I', 'I', 'I', 'I', 'I', 'I', 'I', 'I', 'I', 'I', 'I', 'I', 'I', 'I', 'I', 'I', 'I', 'I', 'I', 'I', 'I', 'I', 'I', 'I', 'I', 'I', 'I', 'I', 'I', 'I', 'I', 'I', 'I', 'I', 'I', 'I', 'I', 'I', 'I', 'I', 'I', 'I', 'I', 'I', 'I', 'I', 'I', 'I', 'I', 'I', 'I', 'I', 'I', 'I', 'I', 'I', 'I', 'I', 'I', 'I', 'I', 'I', 'I', 'I', 'I', 'I', 'I', 'I', 'I', 'I', 'I', 'I', 'I', 'I', 'I', 'I', 'I', 'I', 'I', 'I', 'I', 'I', 'I', 'I', 'I', 'I', 'I', 'I', 'I', 'I', 'I', 'I', 'I', 'I', 'I', 'I', 'I', 'I', 'I', 'I', 'I', 'I', 'I', 'I', 'I', 'I', 'I', 'I', 'I', 'I', 'I', 'I', 'I', 'I', 'I', 'I', 'I', 'I', 'I', 'I', 'I', 'I', 'I', 'I', 'I', 'I', 'I', 'I', 'I', 'I', 'I', 'I', 'I', 'I', 'I', 'I', 'I', 'I', 'I', 'I', 'I', 'I', 'I', 'I', 'I', 'I', 'I', 'I', 'I', 'I', 'I', 'I', 'I', 'I', 'I', 'I', 'I', 'I', 'I', 'I', 'I', 'I', 'I', 'I', 'I', 'I', 'I', 'I', 'I', 'I', 'I', 'I', 'I', 'I', 'I', 'I', 'I', 'I', 'I', 'I', 'I', 'I', 'I', 'I', 'I', 'I', 'I', 'I', 'I', 'I', 'I', 'I', 'I', 'I', 'I', 'I', 'I']","['N' 'N' 'N' 'N' 'N' 'N' 'N' 'N' 'N' 'N' 'N' 'N' 'N' 'N' 'N' 'N' 'N' 'N'
 'N' 'N' 'N' 'N' 'N' 'N' 'N' 'N' 'N' 'N' 'N' 'N' 'N' 'N' 'N' 'N' 'N' 'N'
 'N' 'N' 'N' 'N' 'N' 'N' 'N' 'N' 'N' 'N' 'N' 'N' 'N' 'N' 'N' 'N' 'N' 'N'
 'N' 'N' 'N' 'N' 'N' 'N' 'N' 'N' 'N' 'N' 'N' 'N' 'N' 'N' 'N' 'N' 'N' 'N'
 'N' 'N' 'N' 'N' 'N' 'N' 'N' 'N' 'N' 'N' 'N' 'N' 'N' 'N' 'N' 'N' 'N' 'N'
 'N' 'N' 'N' 'N' 'N' 'N' 'N' 'N' 'N' 'N' 'N' 'N' 'N' 'N' 'N' 'N' 'N' 'N'
 'N' 'N' 'N' 'N' 'N' 'N' 'N' 'N' 'N' 'N' 'N' 'N' 'N' 'N' 'N' 'N' 'N' 'N'
 'N' 'N' 'N' 'N' 'N' 'N' 'N' 'N' 'N' 'N' 'N' 'N' 'N' 'N' 'N' 'N' 'N' 'N'
 'N' 'N' 'N' 'N' 'N' 'N' 'N' 'N' 'N' 'N' 'N' 'N' 'N' 'N' 'N' 'N' 'N' 'N'
 'N' 'N' 'N' 'N' 'N' 'N' 'N' 'N' 'N' 'N' 'N' 'N' 'N' 'N' 'N' 'N' 'N' 'N'
 'N' 'N' 'N' 'N' 'N' 'N' 'N' 'N' 'N' 'N' 'N' 'N' 'N' 'N' 'N' 'N' 'N' 'N'
 'N' 'N' 'N' 'N' 'N' 'N' 'N' 'N' 'N' 'N' 'N' 'N' 'N' 'N' 'N' 'N' 'N' 'N'
 'N' 'N' 'N' 'N' 'N' 'N' 'N' 'N' 'N' 'N' 'N' 'N' 'N' 'N' 'N' 'N' 'N' 'N'
 'N' 'N' 'N' 'N' 'N' 'N' 'N' 'N' 'N' 'N' 'N' 'N' 'N' 'N' 'O' 'O' 'O' 'O'
 'O' 'O' 'O' 'O' 'O' 'O' 'O' 'O' 'O' 'O' 'O' 'O' 'O' 'O' 'O' 'O' 'O' 'O'
 'O' 'O' 'O' 'O' 'O' 'O' 'O' 'O' 'O' 'O' 'O' 'O' 'O' 'O' 'O' 'O' 'O' 'O'
 'O' 'O' 'O' 'O' 'O' 'O' 'O' 'O' 'O' 'O' 'O' 'O' 'O' 'O' 'O' 'O' 'O' 'O'
 'O' 'O' 'O' 'O' 'O' 'O' 'O' 'O' 'O' 'O' 'O' 'O' 'O' 'O' 'O' 'O' 'O' 'O'
 'O' 'O' 'O' 'O' 'O' 'O' 'O' 'O' 'O' 'O' 'O' 'O' 'O' 'O' 'O' 'O' 'O' 'O'
 'O' 'O' 'O' 'O' 'O' 'O' 'O' 'O' 'O' 'O' 'O' 'O' 'O' 'O' 'O' 'O' 'O' 'O'
 'O' 'O' 'O' 'O' 'O' 'O' 'O' 'O' 'O' 'O' 'O' 'O' 'O' 'O' 'O' 'O' 'O' 'O'
 'O' 'O' 'O' 'O' 'O' 'O' 'O' 'O' 'O' 'O' 'O' 'O' 'O' 'O' 'O' 'O' 'O' 'O'
 'O' 'O' 'O' 'O' 'O' 'O' 'O' 'O' 'O' 'O' 'O' 'O' 'O' 'O' 'O' 'O' 'O' 'O'
 'O' 'O' 'O' 'O' 'O' 'O' 'O' 'O' 'O' 'O' 'O' 'O' 'O' 'O' 'O' 'O' 'O' 'O'
 'O' 'O' 'O' 'O' 'O' 'O' 'O' 'O' 'O' 'O' 'O' 'O' 'O' 'O' 'O' 'O' 'O' 'O'
 'O' 'O' 'O' 'O' 'O' 'O' 'O' 'O' 'O' 'O' 'O' 'O' 'O' 'O' 'O' 'O' 'O' 'O'
 'O' 'O' 'O' 'O' 'O' 'O' 'O' 'O' 'O' 'O' 'O' 'O' 'O' 'O' 'O' 'O' 'O' 'O'
 'O' 'O' 'O' 'O' 'O' 'O' 'O' 'O' 'O' 'O' 'I' 'I' 'I' 'I' 'I' 'I' 'I' 'I'
 'I' 'I' 'I' 'I' 'I' 'I' 'I' 'I' 'I' 'I' 'I' 'I' 'I' 'I' 'I' 'I' 'I' 'I'
 'I' 'I' 'I' 'I' 'I' 'I' 'I' 'I' 'I' 'I' 'I' 'I' 'I' 'I' 'I' 'I' 'I' 'I'
 'I' 'I' 'I' 'I' 'I' 'I' 'I' 'I' 'I' 'I' 'I' 'I' 'I' 'I' 'I' 'I' 'I' 'I'
 'I' 'I' 'I' 'I' 'I' 'I' 'I' 'I' 'I' 'I' 'I' 'I' 'I' 'I' 'I' 'I' 'I' 'I'
 'I' 'I' 'I' 'I' 'I' 'I' 'I' 'I' 'I' 'I' 'I' 'I' 'I' 'I' 'I' 'I' 'I' 'I'
 'I' 'I' 'I' 'I' 'I' 'I' 'I' 'I' 'I' 'I' 'I' 'I' 'I' 'I' 'I' 'I' 'I' 'I'
 'I' 'I' 'I' 'I' 'I' 'I' 'I' 'I' 'I' 'I' 'I' 'I' 'I' 'I' 'I' 'I' 'I' 'I'
 'I' 'I' 'I' 'I' 'I' 'I' 'I' 'I' 'I' 'I' 'I' 'I' 'I' 'I' 'I' 'I' 'I' 'I'
 'I' 'I' 'I' 'I' 'I' 'I' 'I' 'I' 'I' 'I' 'I' 'O' 'I' 'O' 'O' 'O' 'I' 'O'
 'O' 'I' 'I' 'O' 'O' 'I' 'O' 'O' 'I' 'I' 'I' 'I' 'I' 'I' 'O' 'I' 'O' 'I'
 'I' 'O' 'O' 'I' 'I' 'O' 'I' 'O' 'O' 'O' 'O' 'O' 'I' 'I' 'I' 'O' 'O' 'O'
 'I' 'I' 'I' 'I' 'O' 'O' 'O' 'I' 'I' 'I' 'I' 'O' 'I' 'O' 'O' 'I' 'I' 'O'
 'O' 'O' 'I' 'O' 'O' 'I' 'I' 'I' 'O' 'O' 'I' 'O' 'I' 'I' 'O' 'O' 'I' 'O'
 'O' 'I' 'I' 'I' 'O' 'O' 'I' 'I' 'I' 'I' 'O' 'O' 'I' 'O' 'O' 'I' 'O']","[[0. 1. 0.]
 [0. 1. 0.]
 [0. 1. 0.]
 ...
 [0. 0. 1.]
 [1. 0. 0.]
 [0. 0. 1.]]"
Paderborn,GroupKfold,Random Forest,1,"['N', 'N', 'N', 'N', 'N', 'N', 'N', 'N', 'N', 'N', 'N', 'N', 'N', 'N', 'N', 'N', 'N', 'N', 'N', 'N', 'N', 'N', 'N', 'N', 'N', 'N', 'N', 'N', 'N', 'N', 'N', 'N', 'N', 'N', 'N', 'N', 'N', 'N', 'N', 'N', 'N', 'N', 'N', 'N', 'N', 'N', 'N', 'N', 'N', 'N', 'N', 'N', 'N', 'N', 'N', 'N', 'N', 'N', 'N', 'N', 'N', 'N', 'N', 'N', 'N', 'N', 'N', 'N', 'N', 'N', 'N', 'N', 'N', 'N', 'N', 'N', 'N', 'N', 'N', 'N', 'N', 'N', 'N', 'N', 'N', 'N', 'N', 'N', 'N', 'N', 'N', 'N', 'N', 'N', 'N', 'N', 'N', 'N', 'N', 'N', 'N', 'N', 'N', 'N', 'N', 'N', 'N', 'N', 'N', 'N', 'N', 'N', 'N', 'N', 'N', 'N', 'N', 'N', 'N', 'N', 'N', 'N', 'N', 'N', 'N', 'N', 'N', 'N', 'N', 'N', 'N', 'N', 'N', 'N', 'N', 'N', 'N', 'N', 'N', 'N', 'N', 'N', 'N', 'N', 'N', 'N', 'N', 'N', 'N', 'N', 'N', 'N', 'N', 'N', 'N', 'N', 'N', 'N', 'N', 'N', 'N', 'N', 'N', 'N', 'N', 'N', 'N', 'N', 'N', 'N', 'N', 'N', 'N', 'N', 'N', 'N', 'N', 'N', 'N', 'N', 'N', 'N', 'N', 'N', 'N', 'N', 'N', 'N', 'N', 'N', 'N', 'N', 'N', 'N', 'N', 'N', 'N', 'N', 'N', 'N', 'N', 'N', 'N', 'N', 'N', 'N', 'N', 'N', 'N', 'N', 'N', 'N', 'N', 'N', 'N', 'N', 'N', 'N', 'N', 'N', 'N', 'N', 'N', 'N', 'N', 'N', 'N', 'N', 'N', 'N', 'N', 'N', 'N', 'N', 'N', 'N', 'N', 'N', 'N', 'N', 'N', 'N', 'N', 'N', 'N', 'N', 'N', 'N', 'O', 'O', 'O', 'O', 'O', 'O', 'O', 'O', 'O', 'O', 'O', 'O', 'O', 'O', 'O', 'O', 'O', 'O', 'O', 'O', 'O', 'O', 'O', 'O', 'O', 'O', 'O', 'O', 'O', 'O', 'O', 'O', 'O', 'O', 'O', 'O', 'O', 'O', 'O', 'O', 'O', 'O', 'O', 'O', 'O', 'O', 'O', 'O', 'O', 'O', 'O', 'O', 'O', 'O', 'O', 'O', 'O', 'O', 'O', 'O', 'O', 'O', 'O', 'O', 'O', 'O', 'O', 'O', 'O', 'O', 'O', 'O', 'O', 'O', 'O', 'O', 'O', 'O', 'O', 'O', 'O', 'O', 'O', 'O', 'O', 'O', 'O', 'O', 'O', 'O', 'O', 'O', 'O', 'O', 'O', 'O', 'O', 'O', 'O', 'O', 'O', 'O', 'O', 'O', 'O', 'O', 'O', 'O', 'O', 'O', 'O', 'O', 'O', 'O', 'O', 'O', 'O', 'O', 'O', 'O', 'O', 'O', 'O', 'O', 'O', 'O', 'O', 'O', 'O', 'O', 'O', 'O', 'O', 'O', 'O', 'O', 'O', 'O', 'O', 'O', 'O', 'O', 'O', 'O', 'O', 'O', 'O', 'O', 'O', 'O', 'O', 'O', 'O', 'O', 'O', 'O', 'O', 'O', 'O', 'O', 'O', 'O', 'O', 'O', 'O', 'O', 'O', 'O', 'O', 'O', 'O', 'O', 'O', 'O', 'O', 'O', 'O', 'O', 'O', 'O', 'O', 'O', 'O', 'O', 'O', 'O', 'O', 'O', 'O', 'O', 'O', 'O', 'O', 'O', 'O', 'O', 'O', 'O', 'O', 'O', 'O', 'O', 'O', 'O', 'O', 'O', 'O', 'O', 'O', 'O', 'O', 'O', 'O', 'O', 'O', 'O', 'O', 'O', 'O', 'O', 'O', 'O', 'O', 'O', 'O', 'O', 'O', 'O', 'O', 'O', 'O', 'O', 'O', 'O', 'O', 'O', 'O', 'O', 'O', 'O', 'O', 'O', 'O', 'O', 'O', 'O', 'O', 'O', 'O', 'O', 'O', 'O', 'O', 'O', 'O', 'O', 'I', 'I', 'I', 'I', 'I', 'I', 'I', 'I', 'I', 'I', 'I', 'I', 'I', 'I', 'I', 'I', 'I', 'I', 'I', 'I', 'I', 'I', 'I', 'I', 'I', 'I', 'I', 'I', 'I', 'I', 'I', 'I', 'I', 'I', 'I', 'I', 'I', 'I', 'I', 'I', 'I', 'I', 'I', 'I', 'I', 'I', 'I', 'I', 'I', 'I', 'I', 'I', 'I', 'I', 'I', 'I', 'I', 'I', 'I', 'I', 'I', 'I', 'I', 'I', 'I', 'I', 'I', 'I', 'I', 'I', 'I', 'I', 'I', 'I', 'I', 'I', 'I', 'I', 'I', 'I', 'I', 'I', 'I', 'I', 'I', 'I', 'I', 'I', 'I', 'I', 'I', 'I', 'I', 'I', 'I', 'I', 'I', 'I', 'I', 'I', 'I', 'I', 'I', 'I', 'I', 'I', 'I', 'I', 'I', 'I', 'I', 'I', 'I', 'I', 'I', 'I', 'I', 'I', 'I', 'I', 'I', 'I', 'I', 'I', 'I', 'I', 'I', 'I', 'I', 'I', 'I', 'I', 'I', 'I', 'I', 'I', 'I', 'I', 'I', 'I', 'I', 'I', 'I', 'I', 'I', 'I', 'I', 'I', 'I', 'I', 'I', 'I', 'I', 'I', 'I', 'I', 'I', 'I', 'I', 'I', 'I', 'I', 'I', 'I', 'I', 'I', 'I', 'I', 'I', 'I', 'I', 'I', 'I', 'I', 'I', 'I', 'I', 'I', 'I', 'I', 'I', 'I', 'I', 'I', 'I', 'I', 'I', 'I', 'I', 'I', 'I', 'I', 'I', 'I', 'I', 'I', 'I', 'I', 'I', 'I', 'I', 'I', 'I', 'I', 'I', 'I', 'I', 'I', 'I', 'I', 'I', 'I', 'I', 'I', 'I', 'I', 'I', 'I', 'I', 'I', 'I', 'I', 'I', 'I', 'I', 'I', 'I', 'I', 'I', 'I', 'I', 'I', 'I', 'I', 'I', 'I', 'I', 'I', 'I', 'I', 'I', 'I', 'I', 'I', 'I', 'I', 'I', 'I', 'I', 'I', 'I']","['N' 'N' 'N' 'N' 'N' 'N' 'N' 'N' 'N' 'N' 'N' 'N' 'N' 'N' 'N' 'N' 'N' 'N'
 'N' 'N' 'N' 'N' 'N' 'N' 'N' 'N' 'N' 'N' 'N' 'N' 'N' 'N' 'N' 'N' 'N' 'N'
 'N' 'N' 'N' 'N' 'N' 'N' 'N' 'N' 'N' 'N' 'N' 'N' 'N' 'N' 'N' 'N' 'N' 'N'
 'N' 'N' 'N' 'N' 'N' 'N' 'N' 'N' 'N' 'N' 'N' 'N' 'N' 'N' 'N' 'N' 'N' 'N'
 'N' 'N' 'N' 'N' 'N' 'N' 'N' 'N' 'N' 'N' 'N' 'N' 'N' 'N' 'N' 'N' 'N' 'N'
 'N' 'N' 'N' 'N' 'N' 'N' 'N' 'N' 'N' 'N' 'N' 'N' 'N' 'N' 'N' 'N' 'N' 'N'
 'N' 'N' 'N' 'N' 'N' 'N' 'N' 'N' 'N' 'N' 'N' 'N' 'N' 'N' 'N' 'N' 'N' 'N'
 'N' 'N' 'N' 'N' 'N' 'N' 'N' 'N' 'N' 'N' 'N' 'N' 'N' 'N' 'N' 'N' 'N' 'N'
 'N' 'N' 'N' 'N' 'N' 'N' 'N' 'N' 'N' 'N' 'N' 'N' 'N' 'N' 'N' 'N' 'N' 'N'
 'N' 'N' 'N' 'N' 'N' 'N' 'N' 'N' 'N' 'N' 'N' 'N' 'N' 'N' 'N' 'N' 'N' 'N'
 'N' 'N' 'N' 'N' 'N' 'N' 'N' 'N' 'N' 'N' 'N' 'N' 'N' 'N' 'N' 'N' 'N' 'N'
 'N' 'N' 'N' 'N' 'N' 'N' 'N' 'N' 'N' 'N' 'N' 'N' 'N' 'N' 'N' 'N' 'N' 'N'
 'N' 'N' 'N' 'N' 'N' 'N' 'N' 'N' 'N' 'N' 'N' 'N' 'N' 'N' 'N' 'N' 'N' 'N'
 'N' 'N' 'N' 'N' 'N' 'N' 'N' 'N' 'N' 'N' 'N' 'N' 'N' 'N' 'O' 'O' 'O' 'O'
 'O' 'O' 'O' 'O' 'O' 'O' 'O' 'O' 'O' 'O' 'O' 'O' 'O' 'O' 'O' 'O' 'O' 'O'
 'O' 'O' 'O' 'O' 'O' 'O' 'O' 'O' 'O' 'O' 'O' 'O' 'O' 'O' 'O' 'O' 'O' 'O'
 'O' 'O' 'O' 'O' 'O' 'O' 'O' 'O' 'O' 'O' 'O' 'O' 'O' 'O' 'O' 'O' 'O' 'O'
 'O' 'O' 'O' 'O' 'O' 'O' 'O' 'O' 'O' 'O' 'O' 'O' 'O' 'O' 'O' 'O' 'O' 'O'
 'O' 'O' 'O' 'O' 'O' 'O' 'O' 'O' 'O' 'O' 'O' 'O' 'O' 'O' 'O' 'O' 'O' 'N'
 'N' 'N' 'N' 'N' 'N' 'N' 'N' 'N' 'N' 'N' 'N' 'N' 'N' 'N' 'N' 'N' 'N' 'N'
 'N' 'N' 'N' 'N' 'N' 'N' 'N' 'N' 'N' 'N' 'N' 'N' 'N' 'N' 'N' 'N' 'N' 'N'
 'N' 'N' 'N' 'N' 'N' 'N' 'N' 'N' 'N' 'N' 'N' 'N' 'N' 'N' 'N' 'N' 'N' 'N'
 'N' 'N' 'N' 'N' 'N' 'N' 'N' 'N' 'N' 'N' 'N' 'N' 'N' 'N' 'N' 'N' 'N' 'N'
 'N' 'N' 'N' 'N' 'N' 'N' 'N' 'N' 'N' 'N' 'N' 'N' 'N' 'N' 'N' 'N' 'N' 'N'
 'N' 'N' 'O' 'O' 'O' 'O' 'O' 'O' 'O' 'O' 'O' 'O' 'O' 'O' 'O' 'O' 'O' 'O'
 'O' 'O' 'O' 'O' 'O' 'O' 'O' 'O' 'O' 'O' 'O' 'O' 'O' 'O' 'O' 'O' 'O' 'O'
 'O' 'O' 'O' 'O' 'O' 'O' 'O' 'O' 'O' 'O' 'O' 'O' 'O' 'O' 'O' 'O' 'O' 'O'
 'O' 'O' 'O' 'O' 'O' 'O' 'O' 'O' 'O' 'O' 'O' 'O' 'O' 'O' 'O' 'O' 'O' 'O'
 'I' 'I' 'I' 'I' 'I' 'I' 'I' 'I' 'I' 'I' 'I' 'I' 'I' 'I' 'I' 'I' 'I' 'I'
 'I' 'I' 'I' 'I' 'I' 'I' 'I' 'I' 'I' 'I' 'I' 'I' 'I' 'I' 'I' 'I' 'I' 'I'
 'I' 'I' 'I' 'I' 'I' 'I' 'I' 'I' 'I' 'I' 'I' 'I' 'I' 'I' 'I' 'I' 'I' 'I'
 'I' 'I' 'I' 'I' 'I' 'I' 'I' 'I' 'I' 'I' 'I' 'I' 'I' 'I' 'I' 'I' 'I' 'I'
 'I' 'I' 'I' 'I' 'I' 'I' 'I' 'I' 'I' 'I' 'I' 'I' 'I' 'I' 'I' 'I' 'I' 'I'
 'I' 'I' 'I' 'N' 'N' 'N' 'N' 'N' 'N' 'N' 'N' 'N' 'N' 'N' 'N' 'N' 'N' 'N'
 'N' 'N' 'N' 'N' 'O' 'N' 'N' 'N' 'N' 'N' 'N' 'N' 'N' 'N' 'N' 'N' 'N' 'O'
 'N' 'N' 'N' 'N' 'N' 'N' 'N' 'N' 'N' 'N' 'N' 'N' 'N' 'O' 'N' 'N' 'N' 'N'
 'N' 'N' 'O' 'N' 'N' 'N' 'N' 'N' 'N' 'O' 'N' 'N' 'N' 'N' 'N' 'N' 'N' 'N'
 'N' 'N' 'N' 'N' 'N' 'N' 'N' 'N' 'N' 'N' 'N' 'N' 'N' 'N' 'N' 'N' 'N' 'N'
 'N' 'N' 'N' 'N' 'N' 'N' 'I' 'I' 'I' 'I' 'I' 'I' 'I' 'I' 'I' 'I' 'I' 'I'
 'I' 'I' 'I' 'I' 'I' 'I' 'I' 'I' 'I' 'I' 'I' 'I' 'I' 'I' 'I' 'I' 'I' 'I'
 'I' 'I' 'I' 'I' 'I' 'I' 'I' 'I' 'I' 'I' 'I' 'I' 'I' 'I' 'I' 'I' 'I' 'I'
 'I' 'I' 'I' 'I' 'I' 'I' 'I' 'I' 'I' 'I' 'I' 'I' 'I' 'I' 'I' 'I' 'I']","[[0.   1.   0.  ]
 [0.   1.   0.  ]
 [0.32 0.67 0.01]
 ...
 [1.   0.   0.  ]
 [1.   0.   0.  ]
 [1.   0.   0.  ]]"
Paderborn,GroupKfold,Random Forest,2,"['N', 'N', 'N', 'N', 'N', 'N', 'N', 'N', 'N', 'N', 'N', 'N', 'N', 'N', 'N', 'N', 'N', 'N', 'N', 'N', 'N', 'N', 'N', 'N', 'N', 'N', 'N', 'N', 'N', 'N', 'N', 'N', 'N', 'N', 'N', 'N', 'N', 'N', 'N', 'N', 'N', 'N', 'N', 'N', 'N', 'N', 'N', 'N', 'N', 'N', 'N', 'N', 'N', 'N', 'N', 'N', 'N', 'N', 'N', 'N', 'N', 'N', 'N', 'N', 'N', 'N', 'N', 'N', 'N', 'N', 'N', 'N', 'N', 'N', 'N', 'N', 'N', 'N', 'N', 'N', 'N', 'N', 'N', 'N', 'N', 'N', 'N', 'N', 'N', 'N', 'N', 'N', 'N', 'N', 'N', 'N', 'N', 'N', 'N', 'N', 'N', 'N', 'N', 'N', 'N', 'N', 'N', 'N', 'N', 'N', 'N', 'N', 'N', 'N', 'N', 'N', 'N', 'N', 'N', 'N', 'N', 'N', 'N', 'N', 'N', 'N', 'N', 'N', 'N', 'N', 'N', 'N', 'N', 'N', 'N', 'N', 'N', 'N', 'N', 'N', 'N', 'N', 'N', 'N', 'N', 'N', 'N', 'N', 'N', 'N', 'N', 'N', 'N', 'N', 'N', 'N', 'N', 'N', 'N', 'N', 'N', 'N', 'N', 'N', 'N', 'N', 'N', 'N', 'N', 'N', 'N', 'N', 'N', 'N', 'N', 'N', 'N', 'N', 'N', 'N', 'N', 'N', 'N', 'N', 'N', 'N', 'N', 'N', 'N', 'N', 'N', 'N', 'N', 'N', 'N', 'N', 'N', 'N', 'N', 'N', 'N', 'N', 'N', 'N', 'N', 'N', 'N', 'N', 'N', 'N', 'N', 'N', 'N', 'N', 'N', 'N', 'N', 'N', 'N', 'N', 'N', 'N', 'N', 'N', 'N', 'N', 'N', 'N', 'N', 'N', 'N', 'N', 'N', 'N', 'N', 'N', 'N', 'N', 'N', 'N', 'N', 'N', 'N', 'N', 'N', 'N', 'N', 'N', 'O', 'O', 'O', 'O', 'O', 'O', 'O', 'O', 'O', 'O', 'O', 'O', 'O', 'O', 'O', 'O', 'O', 'O', 'O', 'O', 'O', 'O', 'O', 'O', 'O', 'O', 'O', 'O', 'O', 'O', 'O', 'O', 'O', 'O', 'O', 'O', 'O', 'O', 'O', 'O', 'O', 'O', 'O', 'O', 'O', 'O', 'O', 'O', 'O', 'O', 'O', 'O', 'O', 'O', 'O', 'O', 'O', 'O', 'O', 'O', 'O', 'O', 'O', 'O', 'O', 'O', 'O', 'O', 'O', 'O', 'O', 'O', 'O', 'O', 'O', 'O', 'O', 'O', 'O', 'O', 'O', 'O', 'O', 'O', 'O', 'O', 'O', 'O', 'O', 'O', 'O', 'O', 'O', 'O', 'O', 'O', 'O', 'O', 'O', 'O', 'O', 'O', 'O', 'O', 'O', 'O', 'O', 'O', 'O', 'O', 'O', 'O', 'O', 'O', 'O', 'O', 'O', 'O', 'O', 'O', 'O', 'O', 'O', 'O', 'O', 'O', 'O', 'O', 'O', 'O', 'O', 'O', 'O', 'O', 'O', 'O', 'O', 'O', 'O', 'O', 'O', 'O', 'O', 'O', 'O', 'O', 'O', 'O', 'O', 'O', 'O', 'O', 'O', 'O', 'O', 'O', 'O', 'O', 'O', 'O', 'O', 'O', 'O', 'O', 'O', 'O', 'O', 'O', 'O', 'O', 'O', 'O', 'O', 'O', 'O', 'O', 'O', 'O', 'O', 'O', 'O', 'O', 'O', 'O', 'O', 'O', 'O', 'O', 'O', 'O', 'O', 'O', 'O', 'O', 'O', 'O', 'O', 'O', 'O', 'O', 'O', 'O', 'O', 'O', 'O', 'O', 'O', 'O', 'O', 'O', 'O', 'O', 'O', 'O', 'O', 'O', 'O', 'O', 'O', 'O', 'O', 'O', 'O', 'O', 'O', 'O', 'O', 'O', 'O', 'O', 'O', 'O', 'O', 'O', 'O', 'O', 'O', 'O', 'O', 'O', 'O', 'O', 'O', 'O', 'O', 'O', 'O', 'O', 'I', 'I', 'I', 'I', 'I', 'I', 'I', 'I', 'I', 'I', 'I', 'I', 'I', 'I', 'I', 'I', 'I', 'I', 'I', 'I', 'I', 'I', 'I', 'I', 'I', 'I', 'I', 'I', 'I', 'I', 'I', 'I', 'I', 'I', 'I', 'I', 'I', 'I', 'I', 'I', 'I', 'I', 'I', 'I', 'I', 'I', 'I', 'I', 'I', 'I', 'I', 'I', 'I', 'I', 'I', 'I', 'I', 'I', 'I', 'I', 'I', 'I', 'I', 'I', 'I', 'I', 'I', 'I', 'I', 'I', 'I', 'I', 'I', 'I', 'I', 'I', 'I', 'I', 'I', 'I', 'I', 'I', 'I', 'I', 'I', 'I', 'I', 'I', 'I', 'I', 'I', 'I', 'I', 'I', 'I', 'I', 'I', 'I', 'I', 'I', 'I', 'I', 'I', 'I', 'I', 'I', 'I', 'I', 'I', 'I', 'I', 'I', 'I', 'I', 'I', 'I', 'I', 'I', 'I', 'I', 'I', 'I', 'I', 'I', 'I', 'I', 'I', 'I', 'I', 'I', 'I', 'I', 'I', 'I', 'I', 'I', 'I', 'I', 'I', 'I', 'I', 'I', 'I', 'I', 'I', 'I', 'I', 'I', 'I', 'I', 'I', 'I', 'I', 'I', 'I', 'I', 'I', 'I', 'I', 'I', 'I', 'I', 'I', 'I', 'I', 'I', 'I', 'I', 'I', 'I', 'I', 'I', 'I', 'I', 'I', 'I', 'I', 'I', 'I', 'I', 'I', 'I', 'I', 'I', 'I', 'I', 'I', 'I', 'I', 'I', 'I', 'I', 'I', 'I', 'I', 'I', 'I', 'I', 'I', 'I', 'I', 'I', 'I', 'I', 'I', 'I', 'I', 'I', 'I', 'I', 'I', 'I', 'I', 'I', 'I', 'I', 'I', 'I', 'I', 'I', 'I', 'I', 'I', 'I', 'I', 'I', 'I', 'I', 'I', 'I', 'I', 'I', 'I', 'I', 'I', 'I', 'I', 'I', 'I', 'I', 'I', 'I', 'I', 'I', 'I', 'I', 'I', 'I', 'I', 'I', 'I', 'I', 'I', 'I', 'I', 'I', 'I', 'I', 'I']","['N' 'N' 'N' 'N' 'N' 'N' 'N' 'N' 'N' 'N' 'N' 'N' 'N' 'N' 'N' 'N' 'N' 'N'
 'N' 'N' 'N' 'N' 'N' 'N' 'N' 'N' 'N' 'N' 'N' 'N' 'N' 'N' 'N' 'N' 'N' 'N'
 'N' 'N' 'N' 'N' 'N' 'N' 'N' 'N' 'N' 'N' 'N' 'N' 'N' 'N' 'N' 'N' 'N' 'N'
 'N' 'N' 'N' 'N' 'N' 'N' 'N' 'N' 'N' 'N' 'N' 'N' 'N' 'N' 'N' 'N' 'N' 'N'
 'N' 'N' 'N' 'N' 'N' 'N' 'N' 'N' 'N' 'N' 'N' 'N' 'N' 'N' 'N' 'N' 'N' 'N'
 'N' 'N' 'N' 'N' 'N' 'N' 'N' 'N' 'N' 'N' 'N' 'N' 'N' 'N' 'N' 'N' 'N' 'N'
 'N' 'N' 'N' 'N' 'N' 'N' 'N' 'N' 'N' 'N' 'N' 'N' 'N' 'N' 'N' 'N' 'N' 'N'
 'N' 'N' 'N' 'N' 'N' 'N' 'N' 'N' 'N' 'N' 'N' 'N' 'N' 'N' 'N' 'N' 'N' 'N'
 'N' 'N' 'N' 'N' 'N' 'N' 'N' 'N' 'N' 'N' 'N' 'N' 'N' 'N' 'N' 'N' 'N' 'N'
 'N' 'N' 'N' 'N' 'N' 'N' 'N' 'N' 'N' 'N' 'N' 'N' 'N' 'N' 'N' 'N' 'N' 'N'
 'N' 'N' 'N' 'N' 'N' 'N' 'N' 'N' 'N' 'N' 'N' 'N' 'N' 'N' 'N' 'N' 'N' 'N'
 'N' 'N' 'N' 'N' 'N' 'N' 'N' 'N' 'N' 'N' 'N' 'N' 'N' 'N' 'N' 'N' 'N' 'N'
 'N' 'N' 'N' 'N' 'N' 'N' 'N' 'N' 'N' 'N' 'N' 'N' 'N' 'N' 'N' 'N' 'N' 'N'
 'N' 'N' 'N' 'N' 'N' 'N' 'N' 'N' 'N' 'N' 'N' 'N' 'N' 'N' 'O' 'O' 'O' 'O'
 'O' 'O' 'O' 'O' 'O' 'O' 'O' 'O' 'O' 'O' 'O' 'O' 'O' 'O' 'O' 'O' 'O' 'O'
 'O' 'O' 'O' 'O' 'O' 'O' 'O' 'O' 'O' 'I' 'O' 'I' 'I' 'I' 'I' 'I' 'I' 'I'
 'I' 'I' 'I' 'I' 'I' 'O' 'I' 'I' 'I' 'I' 'I' 'I' 'I' 'I' 'I' 'I' 'I' 'I'
 'I' 'I' 'I' 'I' 'O' 'I' 'O' 'I' 'I' 'I' 'I' 'O' 'I' 'I' 'I' 'I' 'I' 'I'
 'I' 'I' 'I' 'I' 'I' 'I' 'O' 'I' 'I' 'I' 'I' 'O' 'I' 'I' 'I' 'I' 'O' 'I'
 'I' 'I' 'I' 'I' 'I' 'I' 'I' 'I' 'I' 'I' 'O' 'I' 'I' 'O' 'I' 'I' 'I' 'I'
 'O' 'I' 'I' 'I' 'I' 'I' 'I' 'I' 'I' 'I' 'O' 'O' 'O' 'O' 'O' 'O' 'O' 'O'
 'O' 'O' 'O' 'O' 'O' 'O' 'O' 'O' 'O' 'O' 'O' 'O' 'O' 'O' 'O' 'O' 'O' 'O'
 'O' 'O' 'O' 'O' 'O' 'O' 'O' 'O' 'O' 'O' 'O' 'O' 'O' 'O' 'O' 'O' 'O' 'O'
 'O' 'O' 'O' 'O' 'O' 'O' 'O' 'O' 'O' 'O' 'O' 'O' 'O' 'O' 'O' 'O' 'O' 'O'
 'O' 'O' 'O' 'O' 'O' 'O' 'O' 'O' 'O' 'O' 'O' 'O' 'O' 'O' 'O' 'O' 'O' 'O'
 'O' 'O' 'O' 'O' 'O' 'O' 'O' 'O' 'O' 'O' 'O' 'O' 'O' 'O' 'O' 'O' 'O' 'O'
 'O' 'O' 'O' 'O' 'O' 'O' 'O' 'O' 'O' 'O' 'O' 'O' 'O' 'O' 'O' 'O' 'O' 'O'
 'O' 'O' 'O' 'O' 'O' 'O' 'O' 'O' 'O' 'O' 'I' 'I' 'I' 'I' 'I' 'I' 'I' 'I'
 'I' 'I' 'I' 'I' 'I' 'I' 'I' 'I' 'I' 'I' 'I' 'I' 'I' 'I' 'I' 'I' 'I' 'I'
 'I' 'I' 'I' 'I' 'I' 'I' 'I' 'I' 'I' 'I' 'I' 'I' 'I' 'I' 'I' 'I' 'I' 'I'
 'I' 'O' 'I' 'I' 'I' 'O' 'O' 'I' 'I' 'I' 'I' 'O' 'I' 'I' 'I' 'I' 'O' 'I'
 'I' 'I' 'I' 'O' 'O' 'I' 'I' 'I' 'I' 'I' 'I' 'I' 'I' 'I' 'I' 'I' 'I' 'I'
 'I' 'O' 'I' 'I' 'I' 'I' 'I' 'I' 'I' 'I' 'I' 'I' 'O' 'I' 'I' 'I' 'I' 'I'
 'O' 'I' 'I' 'I' 'I' 'I' 'I' 'I' 'I' 'O' 'I' 'I' 'I' 'I' 'O' 'I' 'I' 'I'
 'I' 'O' 'I' 'I' 'I' 'I' 'O' 'I' 'I' 'I' 'I' 'O' 'I' 'I' 'I' 'I' 'I' 'I'
 'I' 'I' 'I' 'I' 'I' 'I' 'I' 'I' 'I' 'I' 'I' 'I' 'I' 'I' 'I' 'I' 'I' 'I'
 'I' 'I' 'I' 'I' 'I' 'I' 'I' 'I' 'I' 'I' 'I' 'I' 'I' 'I' 'I' 'I' 'I' 'I'
 'I' 'I' 'I' 'I' 'I' 'I' 'I' 'I' 'I' 'I' 'I' 'I' 'I' 'I' 'I' 'I' 'I' 'I'
 'I' 'I' 'I' 'I' 'I' 'I' 'I' 'I' 'I' 'I' 'I' 'I' 'I' 'I' 'I' 'I' 'I' 'I'
 'I' 'I' 'I' 'I' 'I' 'I' 'I' 'I' 'I' 'I' 'I' 'I' 'I' 'I' 'I' 'I' 'I' 'I'
 'I' 'I' 'I' 'I' 'I' 'I' 'I' 'I' 'I' 'I' 'I' 'I' 'I' 'I' 'I' 'I' 'I' 'I'
 'I' 'I' 'I' 'I' 'I' 'I' 'I' 'I' 'I' 'I' 'I' 'I' 'I' 'I' 'I' 'I' 'I']","[[0.05 0.95 0.  ]
 [0.05 0.95 0.  ]
 [0.   1.   0.  ]
 ...
 [1.   0.   0.  ]
 [1.   0.   0.  ]
 [1.   0.   0.  ]]"
Paderborn,GroupKfold,Random Forest,3,"['N', 'N', 'N', 'N', 'N', 'N', 'N', 'N', 'N', 'N', 'N', 'N', 'N', 'N', 'N', 'N', 'N', 'N', 'N', 'N', 'N', 'N', 'N', 'N', 'N', 'N', 'N', 'N', 'N', 'N', 'N', 'N', 'N', 'N', 'N', 'N', 'N', 'N', 'N', 'N', 'N', 'N', 'N', 'N', 'N', 'N', 'N', 'N', 'N', 'N', 'N', 'N', 'N', 'N', 'N', 'N', 'N', 'N', 'N', 'N', 'N', 'N', 'N', 'N', 'N', 'N', 'N', 'N', 'N', 'N', 'N', 'N', 'N', 'N', 'N', 'N', 'N', 'N', 'N', 'N', 'N', 'N', 'N', 'N', 'N', 'N', 'N', 'N', 'N', 'N', 'N', 'N', 'N', 'N', 'N', 'N', 'N', 'N', 'N', 'N', 'N', 'N', 'N', 'N', 'N', 'N', 'N', 'N', 'N', 'N', 'N', 'N', 'N', 'N', 'N', 'N', 'N', 'N', 'N', 'N', 'N', 'N', 'N', 'N', 'N', 'N', 'N', 'N', 'N', 'N', 'N', 'N', 'N', 'N', 'N', 'N', 'N', 'N', 'N', 'N', 'N', 'N', 'N', 'N', 'N', 'N', 'N', 'N', 'N', 'N', 'N', 'N', 'N', 'N', 'N', 'N', 'N', 'N', 'N', 'N', 'N', 'N', 'N', 'N', 'N', 'N', 'N', 'N', 'N', 'N', 'N', 'N', 'N', 'N', 'N', 'N', 'N', 'N', 'N', 'N', 'N', 'N', 'N', 'N', 'N', 'N', 'N', 'N', 'N', 'N', 'N', 'N', 'N', 'N', 'N', 'N', 'N', 'N', 'N', 'N', 'N', 'N', 'N', 'N', 'N', 'N', 'N', 'N', 'N', 'N', 'N', 'N', 'N', 'N', 'N', 'N', 'N', 'N', 'N', 'N', 'N', 'N', 'N', 'N', 'N', 'N', 'N', 'N', 'N', 'N', 'N', 'N', 'N', 'N', 'N', 'N', 'N', 'N', 'N', 'N', 'N', 'N', 'N', 'N', 'N', 'N', 'N', 'N', 'O', 'O', 'O', 'O', 'O', 'O', 'O', 'O', 'O', 'O', 'O', 'O', 'O', 'O', 'O', 'O', 'O', 'O', 'O', 'O', 'O', 'O', 'O', 'O', 'O', 'O', 'O', 'O', 'O', 'O', 'O', 'O', 'O', 'O', 'O', 'O', 'O', 'O', 'O', 'O', 'O', 'O', 'O', 'O', 'O', 'O', 'O', 'O', 'O', 'O', 'O', 'O', 'O', 'O', 'O', 'O', 'O', 'O', 'O', 'O', 'O', 'O', 'O', 'O', 'O', 'O', 'O', 'O', 'O', 'O', 'O', 'O', 'O', 'O', 'O', 'O', 'O', 'O', 'O', 'O', 'O', 'O', 'O', 'O', 'O', 'O', 'O', 'O', 'O', 'O', 'O', 'O', 'O', 'O', 'O', 'O', 'O', 'O', 'O', 'O', 'O', 'O', 'O', 'O', 'O', 'O', 'O', 'O', 'O', 'O', 'O', 'O', 'O', 'O', 'O', 'O', 'O', 'O', 'O', 'O', 'O', 'O', 'O', 'O', 'O', 'O', 'O', 'O', 'O', 'O', 'O', 'O', 'O', 'O', 'O', 'O', 'O', 'O', 'O', 'O', 'O', 'O', 'O', 'O', 'O', 'O', 'O', 'O', 'O', 'O', 'O', 'O', 'O', 'O', 'O', 'O', 'O', 'O', 'O', 'O', 'O', 'O', 'O', 'O', 'O', 'O', 'O', 'O', 'O', 'O', 'O', 'O', 'O', 'O', 'O', 'O', 'O', 'O', 'O', 'O', 'O', 'O', 'O', 'O', 'O', 'O', 'O', 'O', 'O', 'O', 'O', 'O', 'O', 'O', 'O', 'O', 'O', 'O', 'O', 'O', 'O', 'O', 'O', 'O', 'O', 'O', 'O', 'O', 'O', 'O', 'O', 'O', 'O', 'O', 'O', 'O', 'O', 'O', 'O', 'O', 'O', 'O', 'O', 'O', 'O', 'O', 'O', 'O', 'O', 'O', 'O', 'O', 'O', 'O', 'O', 'O', 'O', 'O', 'O', 'O', 'O', 'O', 'O', 'O', 'O', 'O', 'O', 'O', 'I', 'I', 'I', 'I', 'I', 'I', 'I', 'I', 'I', 'I', 'I', 'I', 'I', 'I', 'I', 'I', 'I', 'I', 'I', 'I', 'I', 'I', 'I', 'I', 'I', 'I', 'I', 'I', 'I', 'I', 'I', 'I', 'I', 'I', 'I', 'I', 'I', 'I', 'I', 'I', 'I', 'I', 'I', 'I', 'I', 'I', 'I', 'I', 'I', 'I', 'I', 'I', 'I', 'I', 'I', 'I', 'I', 'I', 'I', 'I', 'I', 'I', 'I', 'I', 'I', 'I', 'I', 'I', 'I', 'I', 'I', 'I', 'I', 'I', 'I', 'I', 'I', 'I', 'I', 'I', 'I', 'I', 'I', 'I', 'I', 'I', 'I', 'I', 'I', 'I', 'I', 'I', 'I', 'I', 'I', 'I', 'I', 'I', 'I', 'I', 'I', 'I', 'I', 'I', 'I', 'I', 'I', 'I', 'I', 'I', 'I', 'I', 'I', 'I', 'I', 'I', 'I', 'I', 'I', 'I', 'I', 'I', 'I', 'I', 'I', 'I', 'I', 'I', 'I', 'I', 'I', 'I', 'I', 'I', 'I', 'I', 'I', 'I', 'I', 'I', 'I', 'I', 'I', 'I', 'I', 'I', 'I', 'I', 'I', 'I', 'I', 'I', 'I', 'I', 'I', 'I', 'I', 'I', 'I', 'I', 'I', 'I', 'I', 'I', 'I', 'I', 'I', 'I', 'I', 'I', 'I', 'I', 'I', 'I', 'I', 'I', 'I', 'I', 'I', 'I', 'I', 'I', 'I', 'I', 'I', 'I', 'I', 'I', 'I', 'I', 'I', 'I', 'I', 'I', 'I', 'I', 'I', 'I', 'I', 'I', 'I', 'I', 'I', 'I', 'I', 'I', 'I', 'I', 'I', 'I', 'I', 'I', 'I', 'I', 'I', 'I', 'I', 'I', 'I', 'I', 'I', 'I', 'I', 'I', 'I', 'I', 'I', 'I', 'I', 'I', 'I', 'I', 'I', 'I', 'I', 'I', 'I', 'I', 'I', 'I', 'I', 'I', 'I', 'I', 'I', 'I', 'I', 'I', 'I', 'I', 'I', 'I', 'I', 'I', 'I', 'I', 'I', 'I', 'I']","['N' 'N' 'N' 'N' 'N' 'N' 'N' 'N' 'N' 'N' 'N' 'N' 'N' 'N' 'N' 'N' 'N' 'N'
 'N' 'N' 'N' 'N' 'N' 'N' 'N' 'N' 'N' 'N' 'N' 'N' 'N' 'N' 'N' 'N' 'N' 'N'
 'N' 'N' 'N' 'N' 'N' 'N' 'N' 'N' 'N' 'N' 'N' 'N' 'N' 'N' 'N' 'N' 'N' 'N'
 'N' 'N' 'N' 'N' 'N' 'N' 'N' 'N' 'N' 'N' 'N' 'N' 'N' 'N' 'N' 'N' 'N' 'N'
 'N' 'N' 'N' 'N' 'N' 'N' 'N' 'N' 'N' 'N' 'N' 'N' 'N' 'N' 'N' 'N' 'N' 'N'
 'N' 'N' 'N' 'N' 'N' 'N' 'N' 'N' 'N' 'N' 'N' 'N' 'N' 'N' 'N' 'N' 'N' 'N'
 'N' 'N' 'N' 'N' 'N' 'N' 'N' 'N' 'N' 'N' 'N' 'N' 'N' 'N' 'N' 'N' 'N' 'N'
 'N' 'N' 'N' 'N' 'N' 'N' 'N' 'N' 'N' 'N' 'N' 'N' 'N' 'N' 'N' 'N' 'N' 'N'
 'N' 'N' 'N' 'N' 'N' 'N' 'N' 'N' 'N' 'N' 'N' 'N' 'N' 'N' 'N' 'O' 'N' 'N'
 'N' 'N' 'N' 'N' 'N' 'N' 'N' 'N' 'N' 'N' 'N' 'N' 'N' 'N' 'N' 'N' 'N' 'N'
 'N' 'N' 'N' 'N' 'N' 'N' 'N' 'N' 'N' 'N' 'N' 'N' 'N' 'N' 'N' 'N' 'N' 'N'
 'N' 'N' 'O' 'N' 'N' 'N' 'N' 'N' 'N' 'N' 'N' 'N' 'N' 'N' 'N' 'N' 'N' 'N'
 'N' 'N' 'N' 'N' 'N' 'N' 'N' 'N' 'N' 'N' 'N' 'N' 'N' 'N' 'N' 'N' 'N' 'N'
 'N' 'N' 'N' 'N' 'N' 'N' 'N' 'N' 'N' 'N' 'N' 'N' 'N' 'N' 'O' 'O' 'O' 'O'
 'O' 'O' 'O' 'O' 'O' 'O' 'O' 'O' 'O' 'O' 'O' 'O' 'O' 'O' 'O' 'O' 'O' 'O'
 'O' 'O' 'O' 'O' 'O' 'O' 'O' 'O' 'O' 'O' 'O' 'O' 'O' 'O' 'O' 'O' 'O' 'O'
 'O' 'O' 'O' 'O' 'O' 'O' 'O' 'O' 'O' 'O' 'O' 'O' 'O' 'O' 'O' 'O' 'O' 'O'
 'O' 'O' 'O' 'O' 'O' 'O' 'O' 'O' 'O' 'O' 'O' 'O' 'O' 'O' 'O' 'O' 'O' 'O'
 'O' 'O' 'O' 'O' 'O' 'O' 'O' 'O' 'O' 'O' 'O' 'O' 'O' 'O' 'O' 'O' 'O' 'O'
 'O' 'O' 'O' 'O' 'O' 'O' 'O' 'O' 'O' 'O' 'O' 'O' 'O' 'O' 'O' 'O' 'O' 'O'
 'O' 'O' 'O' 'O' 'O' 'O' 'O' 'O' 'O' 'O' 'O' 'O' 'O' 'O' 'O' 'O' 'O' 'O'
 'O' 'O' 'O' 'O' 'O' 'O' 'O' 'O' 'O' 'O' 'O' 'O' 'O' 'O' 'O' 'O' 'O' 'O'
 'O' 'O' 'O' 'O' 'O' 'O' 'O' 'O' 'O' 'O' 'O' 'O' 'O' 'O' 'O' 'O' 'O' 'O'
 'O' 'O' 'O' 'O' 'O' 'O' 'O' 'O' 'O' 'O' 'O' 'O' 'O' 'O' 'O' 'O' 'O' 'O'
 'O' 'O' 'O' 'O' 'O' 'O' 'O' 'O' 'O' 'O' 'O' 'O' 'O' 'O' 'O' 'O' 'O' 'O'
 'O' 'O' 'O' 'O' 'O' 'O' 'O' 'O' 'O' 'O' 'O' 'O' 'O' 'O' 'O' 'O' 'O' 'O'
 'O' 'O' 'O' 'O' 'O' 'O' 'O' 'O' 'O' 'O' 'O' 'O' 'O' 'O' 'O' 'O' 'O' 'O'
 'O' 'O' 'O' 'O' 'O' 'O' 'O' 'O' 'O' 'O' 'I' 'I' 'I' 'I' 'I' 'I' 'I' 'I'
 'I' 'I' 'I' 'I' 'I' 'I' 'I' 'I' 'I' 'I' 'I' 'I' 'I' 'I' 'I' 'I' 'I' 'I'
 'I' 'I' 'I' 'I' 'I' 'I' 'I' 'I' 'I' 'I' 'I' 'I' 'I' 'I' 'I' 'I' 'I' 'I'
 'I' 'I' 'I' 'I' 'I' 'I' 'I' 'I' 'I' 'I' 'I' 'I' 'I' 'I' 'I' 'I' 'I' 'I'
 'I' 'I' 'I' 'I' 'I' 'I' 'I' 'I' 'I' 'I' 'I' 'I' 'I' 'I' 'I' 'I' 'I' 'I'
 'I' 'I' 'I' 'I' 'I' 'I' 'I' 'I' 'I' 'I' 'I' 'I' 'I' 'I' 'I' 'I' 'I' 'I'
 'I' 'I' 'I' 'I' 'I' 'I' 'I' 'I' 'I' 'I' 'I' 'I' 'I' 'I' 'I' 'I' 'I' 'I'
 'I' 'I' 'I' 'I' 'I' 'I' 'I' 'I' 'I' 'I' 'I' 'I' 'I' 'I' 'I' 'I' 'I' 'I'
 'I' 'I' 'I' 'I' 'I' 'I' 'I' 'I' 'I' 'I' 'I' 'I' 'I' 'I' 'I' 'I' 'I' 'I'
 'I' 'I' 'I' 'I' 'I' 'I' 'I' 'I' 'I' 'I' 'I' 'O' 'I' 'I' 'I' 'I' 'I' 'N'
 'N' 'N' 'I' 'O' 'O' 'I' 'O' 'O' 'N' 'I' 'I' 'I' 'N' 'I' 'N' 'I' 'O' 'N'
 'I' 'I' 'I' 'I' 'I' 'I' 'N' 'I' 'I' 'I' 'I' 'I' 'I' 'I' 'I' 'O' 'I' 'O'
 'I' 'I' 'I' 'I' 'I' 'I' 'I' 'I' 'N' 'I' 'I' 'I' 'I' 'O' 'I' 'I' 'N' 'I'
 'I' 'O' 'I' 'O' 'N' 'N' 'I' 'O' 'I' 'N' 'I' 'O' 'I' 'N' 'I' 'O' 'I' 'I'
 'O' 'I' 'I' 'N' 'O' 'O' 'I' 'I' 'I' 'O' 'O' 'O' 'I' 'I' 'I' 'O' 'I']","[[0.   1.   0.  ]
 [0.   1.   0.  ]
 [0.   1.   0.  ]
 ...
 [0.36 0.32 0.32]
 [0.22 0.38 0.4 ]
 [0.36 0.32 0.32]]"
