N.000.NN_0,97.mat
N.000.NN_1,98.mat
N.000.NN_2,99.mat
N.000.NN_3,100.mat
I.007.DE_0,105.mat
I.007.DE_1,106.mat
I.007.DE_2,107.mat
I.007.DE_3,108.mat
B.007.DE_0,118.mat
B.007.DE_1,119.mat
B.007.DE_2,120.mat
B.007.DE_3,121.mat
O.007.DE.@6_0,130.mat
O.007.DE.@6_1,131.mat
O.007.DE.@6_2,132.mat
O.007.DE.@6_3,133.mat
I.014.DE_0,169.mat
I.014.DE_1,170.mat
I.014.DE_2,171.mat
I.014.DE_3,172.mat
B.014.DE_0,185.mat
B.014.DE_1,186.mat
B.014.DE_2,187.mat
B.014.DE_3,188.mat
O.014.DE.@6_0,197.mat
O.014.DE.@6_1,198.mat
O.014.DE.@6_2,199.mat
O.014.DE.@6_3,200.mat
B.021.DE_0,222.mat
B.021.DE_1,223.mat
B.021.DE_2,224.mat
B.021.DE_3,225.mat
I.021.FE_0,270.mat
I.021.FE_1,271.mat
I.021.FE_2,272.mat
I.021.FE_3,273.mat
O.021.DE.@6_0,234.mat
O.021.DE.@6_1,235.mat
O.021.DE.@6_2,236.mat
O.021.DE.@6_3,237.mat